"Frame","MessageId","MessageOrderIndex","ChannelId","Timestamp","MessageAction","MessageTypeName","OriginEndpointId","DestinationEndpointId","CustomPayloadTypename","CustomPayloadUncompressedByteSize","StringPayload"
"2848","7AC686F844E8C3F3369C23B425A79FF3","","0","2024.09.22-21.19.55","Publish","ConcertAdmin_DiscoverServersEvent","5C26F9104F38DEEE683AF899DBB59F6A","00000000000000000000000000000000","None","0",""
"2909","A15D9AEE457795349CD304B0ED0ECEDB","","0","2024.09.22-21.19.57","Publish","ConcertAdmin_DiscoverServersEvent","5C26F9104F38DEEE683AF899DBB59F6A","00000000000000000000000000000000","None","0",""
"3017","163B96DF4B034E46B00D7181D50EC4AB","","0","2024.09.22-21.19.57","Publish","ConcertAdmin_DiscoverServersEvent","5C26F9104F38DEEE683AF899DBB59F6A","00000000000000000000000000000000","None","0",""
"3055","A3D59A22499C9960ECAF63A914FE9EE7","","0","2024.09.22-21.19.59","Publish","ConcertAdmin_DiscoverServersEvent","5C26F9104F38DEEE683AF899DBB59F6A","00000000000000000000000000000000","None","0",""
"3058","B59A2D6E46D9318A8FA5D0BAADCF6636","","0","2024.09.22-21.20.00","Publish","ConcertAdmin_DiscoverServersEvent","5C26F9104F38DEEE683AF899DBB59F6A","00000000000000000000000000000000","None","0",""
"3059","A98277CD48E1953FE3BEC2B4E96802A4","","0","2024.09.22-21.20.00","Receive","ConcertReliableHandshakeData","CB47B14C4D49581DFB2F3D87212EDADC","5C26F9104F38DEEE683AF899DBB59F6A","None","0",""
"3059","A98277CD48E1953FE3BEC2B4E96802A4","","0","2024.09.22-21.20.00","EndpointDiscovery","ConcertReliableHandshakeData","CB47B14C4D49581DFB2F3D87212EDADC","5C26F9104F38DEEE683AF899DBB59F6A","None","0",""
"3059","B8E8A95C4A9D8424568BBF9AEE29BB1D","","0","2024.09.22-21.20.00","Send","ConcertReliableHandshakeData","5C26F9104F38DEEE683AF899DBB59F6A","CB47B14C4D49581DFB2F3D87212EDADC","None","0",""
"3059","A98277CD48E1953FE3BEC2B4E96802A4","","0","2024.09.22-21.20.00","Receive","ConcertReliableHandshakeData","CB47B14C4D49581DFB2F3D87212EDADC","5C26F9104F38DEEE683AF899DBB59F6A","None","0",""
"3059","A8FD0F1F41A66957672C33A18FE89A2A","","0","2024.09.22-21.20.00","Send","ConcertReliableHandshakeData","5C26F9104F38DEEE683AF899DBB59F6A","CB47B14C4D49581DFB2F3D87212EDADC","None","0",""
"3059","A87B27F640F49070EF1CD398F6986C7C","","0","2024.09.22-21.20.00","Receive","ConcertAdmin_ServerDiscoveredEvent","CB47B14C4D49581DFB2F3D87212EDADC","5C26F9104F38DEEE683AF899DBB59F6A","None","0",""
"3059","A87B27F640F49070EF1CD398F6986C7C","","0","2024.09.22-21.20.00","Process","ConcertAdmin_ServerDiscoveredEvent","CB47B14C4D49581DFB2F3D87212EDADC","5C26F9104F38DEEE683AF899DBB59F6A","None","0",""
"3060","23C0AF924B6ABEF141AA52BC28E6AE32","","0","2024.09.22-21.20.00","Receive","ConcertReliableHandshakeData","CB47B14C4D49581DFB2F3D87212EDADC","5C26F9104F38DEEE683AF899DBB59F6A","None","0",""
"3060","23C0AF924B6ABEF141AA52BC28E6AE32","","0","2024.09.22-21.20.00","Receive","ConcertReliableHandshakeData","CB47B14C4D49581DFB2F3D87212EDADC","5C26F9104F38DEEE683AF899DBB59F6A","None","0",""
"3061","741CC2BC4BC623921ADE43A52420F090","0","1","2024.09.22-21.20.01","Send","ConcertAdmin_GetLiveSessionsRequest","5C26F9104F38DEEE683AF899DBB59F6A","CB47B14C4D49581DFB2F3D87212EDADC","None","0",""
"3061","D2F6C353404FC3F8C529C8A9DEF3550A","1","1","2024.09.22-21.20.01","Send","ConcertAdmin_GetArchivedSessionsRequest","5C26F9104F38DEEE683AF899DBB59F6A","CB47B14C4D49581DFB2F3D87212EDADC","None","0",""
"3061","23F5A732478906A505665EBEBAD6B37C","","0","2024.09.22-21.20.01","Publish","ConcertAdmin_DiscoverServersEvent","5C26F9104F38DEEE683AF899DBB59F6A","00000000000000000000000000000000","None","0",""
"3062","CAC9792641D21FC5701B0DB490F9749C","","0","2024.09.22-21.20.01","Receive","ConcertAdmin_ServerDiscoveredEvent","CB47B14C4D49581DFB2F3D87212EDADC","5C26F9104F38DEEE683AF899DBB59F6A","None","0",""
"3062","A89A63CA4057992DB9428BA42CABC865","","0","2024.09.22-21.20.01","Receive","ConcertAckData","CB47B14C4D49581DFB2F3D87212EDADC","5C26F9104F38DEEE683AF899DBB59F6A","None","0",""
"3062","A09890324ED69982D3B41FBBC6A5E6D3","1","1","2024.09.22-21.20.01","Receive","ConcertAdmin_GetSessionsResponse","CB47B14C4D49581DFB2F3D87212EDADC","5C26F9104F38DEEE683AF899DBB59F6A","None","0",""
"3062","4D9D74AE44EFAD7FBE804397E5E3FC23","0","1","2024.09.22-21.20.01","Receive","ConcertAdmin_GetSessionsResponse","CB47B14C4D49581DFB2F3D87212EDADC","5C26F9104F38DEEE683AF899DBB59F6A","None","0",""
"3062","CAC9792641D21FC5701B0DB490F9749C","","0","2024.09.22-21.20.01","Process","ConcertAdmin_ServerDiscoveredEvent","CB47B14C4D49581DFB2F3D87212EDADC","5C26F9104F38DEEE683AF899DBB59F6A","None","0",""
"3062","A89A63CA4057992DB9428BA42CABC865","","0","2024.09.22-21.20.01","Process","ConcertAckData","CB47B14C4D49581DFB2F3D87212EDADC","5C26F9104F38DEEE683AF899DBB59F6A","None","0",""
"3062","A09890324ED69982D3B41FBBC6A5E6D3","1","1","2024.09.22-21.20.01","Queue","ConcertAdmin_GetSessionsResponse","CB47B14C4D49581DFB2F3D87212EDADC","CB47B14C4D49581DFB2F3D87212EDADC","None","0",""
"3062","4D9D74AE44EFAD7FBE804397E5E3FC23","0","1","2024.09.22-21.20.01","Process","ConcertAdmin_GetSessionsResponse","CB47B14C4D49581DFB2F3D87212EDADC","5C26F9104F38DEEE683AF899DBB59F6A","None","0",""
"3062","A09890324ED69982D3B41FBBC6A5E6D3","1","1","2024.09.22-21.20.01","Process","ConcertAdmin_GetSessionsResponse","CB47B14C4D49581DFB2F3D87212EDADC","5C26F9104F38DEEE683AF899DBB59F6A","None","0",""
"3062","93AA03BC42531F555121A6AC5CD675EC","","0","2024.09.22-21.20.01","Send","ConcertAckData","5C26F9104F38DEEE683AF899DBB59F6A","CB47B14C4D49581DFB2F3D87212EDADC","None","0",""
"3063","01D9F45949EA44064F6E5EAC27305A1C","2","1","2024.09.22-21.20.01","Send","ConcertAdmin_GetLiveSessionsRequest","5C26F9104F38DEEE683AF899DBB59F6A","CB47B14C4D49581DFB2F3D87212EDADC","None","0",""
"3063","FF2B04F1400EB32F3857E3B3867D5371","3","1","2024.09.22-21.20.01","Send","ConcertAdmin_GetArchivedSessionsRequest","5C26F9104F38DEEE683AF899DBB59F6A","CB47B14C4D49581DFB2F3D87212EDADC","None","0",""
"3063","0713C8864A52A65CE286A68CF0E032BC","","0","2024.09.22-21.20.02","Receive","ConcertAckData","CB47B14C4D49581DFB2F3D87212EDADC","5C26F9104F38DEEE683AF899DBB59F6A","None","0",""
"3063","116158B642E105D188A81BB771485FF3","2","1","2024.09.22-21.20.02","Receive","ConcertAdmin_GetSessionsResponse","CB47B14C4D49581DFB2F3D87212EDADC","5C26F9104F38DEEE683AF899DBB59F6A","None","0",""
"3063","B0544F00449FA4F7380384B43740922C","3","1","2024.09.22-21.20.02","Receive","ConcertAdmin_GetSessionsResponse","CB47B14C4D49581DFB2F3D87212EDADC","5C26F9104F38DEEE683AF899DBB59F6A","None","0",""
"3063","875C7D9949173E21D251EC801278F73A","","0","2024.09.22-21.20.02","Receive","ConcertAckData","CB47B14C4D49581DFB2F3D87212EDADC","5C26F9104F38DEEE683AF899DBB59F6A","None","0",""
"3063","0713C8864A52A65CE286A68CF0E032BC","","0","2024.09.22-21.20.02","Process","ConcertAckData","CB47B14C4D49581DFB2F3D87212EDADC","5C26F9104F38DEEE683AF899DBB59F6A","None","0",""
"3063","116158B642E105D188A81BB771485FF3","2","1","2024.09.22-21.20.02","Process","ConcertAdmin_GetSessionsResponse","CB47B14C4D49581DFB2F3D87212EDADC","5C26F9104F38DEEE683AF899DBB59F6A","None","0",""
"3063","B0544F00449FA4F7380384B43740922C","3","1","2024.09.22-21.20.02","Process","ConcertAdmin_GetSessionsResponse","CB47B14C4D49581DFB2F3D87212EDADC","5C26F9104F38DEEE683AF899DBB59F6A","None","0",""
"3063","875C7D9949173E21D251EC801278F73A","","0","2024.09.22-21.20.02","Process","ConcertAckData","CB47B14C4D49581DFB2F3D87212EDADC","5C26F9104F38DEEE683AF899DBB59F6A","None","0",""
"3063","7623C3B44C14E416B2B0798A77ACE869","","0","2024.09.22-21.20.02","Send","ConcertAckData","5C26F9104F38DEEE683AF899DBB59F6A","CB47B14C4D49581DFB2F3D87212EDADC","None","0",""
"3064","48A379AA436D34E5A3722A8335C33F25","4","1","2024.09.22-21.20.02","Send","ConcertAdmin_GetLiveSessionsRequest","5C26F9104F38DEEE683AF899DBB59F6A","CB47B14C4D49581DFB2F3D87212EDADC","None","0",""
"3064","DAC6AD8C416D8E82F755D0896CE0501C","5","1","2024.09.22-21.20.02","Send","ConcertAdmin_GetArchivedSessionsRequest","5C26F9104F38DEEE683AF899DBB59F6A","CB47B14C4D49581DFB2F3D87212EDADC","None","0",""
"3064","36746ED848A95754843561B158CC6FC8","","0","2024.09.22-21.20.02","Publish","ConcertAdmin_DiscoverServersEvent","5C26F9104F38DEEE683AF899DBB59F6A","00000000000000000000000000000000","None","0",""
"3065","9789D12542868D648114CD80D9BA994F","5","1","2024.09.22-21.20.02","Receive","ConcertAdmin_GetSessionsResponse","CB47B14C4D49581DFB2F3D87212EDADC","5C26F9104F38DEEE683AF899DBB59F6A","None","0",""
"3065","46CD231B47CF1159574E978367B5F1AF","","0","2024.09.22-21.20.02","Receive","ConcertAckData","CB47B14C4D49581DFB2F3D87212EDADC","5C26F9104F38DEEE683AF899DBB59F6A","None","0",""
"3065","9879E47E40A4FA1633FB74AFCF047272","4","1","2024.09.22-21.20.02","Receive","ConcertAdmin_GetSessionsResponse","CB47B14C4D49581DFB2F3D87212EDADC","5C26F9104F38DEEE683AF899DBB59F6A","None","0",""
"3065","E40BA93F4BC08129AB90AEA0D5234794","","0","2024.09.22-21.20.02","Receive","ConcertAdmin_ServerDiscoveredEvent","CB47B14C4D49581DFB2F3D87212EDADC","5C26F9104F38DEEE683AF899DBB59F6A","None","0",""
"3065","9789D12542868D648114CD80D9BA994F","5","1","2024.09.22-21.20.02","Queue","ConcertAdmin_GetSessionsResponse","CB47B14C4D49581DFB2F3D87212EDADC","CB47B14C4D49581DFB2F3D87212EDADC","None","0",""
"3065","46CD231B47CF1159574E978367B5F1AF","","0","2024.09.22-21.20.02","Process","ConcertAckData","CB47B14C4D49581DFB2F3D87212EDADC","5C26F9104F38DEEE683AF899DBB59F6A","None","0",""
"3065","9879E47E40A4FA1633FB74AFCF047272","4","1","2024.09.22-21.20.02","Process","ConcertAdmin_GetSessionsResponse","CB47B14C4D49581DFB2F3D87212EDADC","5C26F9104F38DEEE683AF899DBB59F6A","None","0",""
"3065","E40BA93F4BC08129AB90AEA0D5234794","","0","2024.09.22-21.20.02","Process","ConcertAdmin_ServerDiscoveredEvent","CB47B14C4D49581DFB2F3D87212EDADC","5C26F9104F38DEEE683AF899DBB59F6A","None","0",""
"3065","9789D12542868D648114CD80D9BA994F","5","1","2024.09.22-21.20.02","Process","ConcertAdmin_GetSessionsResponse","CB47B14C4D49581DFB2F3D87212EDADC","5C26F9104F38DEEE683AF899DBB59F6A","None","0",""
"3065","9B7A79694F5D65BEAEA02595D960422F","","0","2024.09.22-21.20.02","Send","ConcertAckData","5C26F9104F38DEEE683AF899DBB59F6A","CB47B14C4D49581DFB2F3D87212EDADC","None","0",""
"3067","6D36675E41AB47EF608E5DB45C65CA42","6","1","2024.09.22-21.20.03","Send","ConcertAdmin_GetLiveSessionsRequest","5C26F9104F38DEEE683AF899DBB59F6A","CB47B14C4D49581DFB2F3D87212EDADC","None","0",""
"3067","C8BD0E6A40BAA5AEAC19DFA2477A3C17","7","1","2024.09.22-21.20.03","Send","ConcertAdmin_GetArchivedSessionsRequest","5C26F9104F38DEEE683AF899DBB59F6A","CB47B14C4D49581DFB2F3D87212EDADC","None","0",""
"3067","0920A8214A55D89EB29F5DAD98CCC126","","0","2024.09.22-21.20.03","Publish","ConcertAdmin_DiscoverServersEvent","5C26F9104F38DEEE683AF899DBB59F6A","00000000000000000000000000000000","None","0",""
"3068","6DC6DDFB45A1F9A237E94F8754318E14","7","1","2024.09.22-21.20.03","Receive","ConcertAdmin_GetSessionsResponse","CB47B14C4D49581DFB2F3D87212EDADC","5C26F9104F38DEEE683AF899DBB59F6A","None","0",""
"3068","B8FDFAB449543374CA85C2BBF32134CB","","0","2024.09.22-21.20.03","Receive","ConcertAckData","CB47B14C4D49581DFB2F3D87212EDADC","5C26F9104F38DEEE683AF899DBB59F6A","None","0",""
"3068","CCAD750E4FEFCBACD0350780BEC95E69","6","1","2024.09.22-21.20.03","Receive","ConcertAdmin_GetSessionsResponse","CB47B14C4D49581DFB2F3D87212EDADC","5C26F9104F38DEEE683AF899DBB59F6A","None","0",""
"3068","571C41364489960C4204E0A35BFF5ABA","","0","2024.09.22-21.20.03","Receive","ConcertAdmin_ServerDiscoveredEvent","CB47B14C4D49581DFB2F3D87212EDADC","5C26F9104F38DEEE683AF899DBB59F6A","None","0",""
"3068","6DC6DDFB45A1F9A237E94F8754318E14","7","1","2024.09.22-21.20.03","Queue","ConcertAdmin_GetSessionsResponse","CB47B14C4D49581DFB2F3D87212EDADC","CB47B14C4D49581DFB2F3D87212EDADC","None","0",""
"3068","B8FDFAB449543374CA85C2BBF32134CB","","0","2024.09.22-21.20.03","Process","ConcertAckData","CB47B14C4D49581DFB2F3D87212EDADC","5C26F9104F38DEEE683AF899DBB59F6A","None","0",""
"3068","CCAD750E4FEFCBACD0350780BEC95E69","6","1","2024.09.22-21.20.03","Process","ConcertAdmin_GetSessionsResponse","CB47B14C4D49581DFB2F3D87212EDADC","5C26F9104F38DEEE683AF899DBB59F6A","None","0",""
"3068","571C41364489960C4204E0A35BFF5ABA","","0","2024.09.22-21.20.03","Process","ConcertAdmin_ServerDiscoveredEvent","CB47B14C4D49581DFB2F3D87212EDADC","5C26F9104F38DEEE683AF899DBB59F6A","None","0",""
"3068","6DC6DDFB45A1F9A237E94F8754318E14","7","1","2024.09.22-21.20.03","Process","ConcertAdmin_GetSessionsResponse","CB47B14C4D49581DFB2F3D87212EDADC","5C26F9104F38DEEE683AF899DBB59F6A","None","0",""
"3068","E3FB891C4BB5F013CA3DC39ECE3CD3D7","","0","2024.09.22-21.20.03","Send","ConcertAckData","5C26F9104F38DEEE683AF899DBB59F6A","CB47B14C4D49581DFB2F3D87212EDADC","None","0",""
"3069","91B56510429FD219F1DCDC9A19374A43","8","1","2024.09.22-21.20.03","Send","ConcertAdmin_GetLiveSessionsRequest","5C26F9104F38DEEE683AF899DBB59F6A","CB47B14C4D49581DFB2F3D87212EDADC","None","0",""
"3069","D3C482C0409B79E95EAEB28A7400ABED","9","1","2024.09.22-21.20.03","Send","ConcertAdmin_GetArchivedSessionsRequest","5C26F9104F38DEEE683AF899DBB59F6A","CB47B14C4D49581DFB2F3D87212EDADC","None","0",""
"3070","F9DB6089408FF88C6B69A0836C476B33","9","1","2024.09.22-21.20.03","Receive","ConcertAdmin_GetSessionsResponse","CB47B14C4D49581DFB2F3D87212EDADC","5C26F9104F38DEEE683AF899DBB59F6A","None","0",""
"3070","234049624440611C9122C9B8A600A8B1","","0","2024.09.22-21.20.03","Receive","ConcertAckData","CB47B14C4D49581DFB2F3D87212EDADC","5C26F9104F38DEEE683AF899DBB59F6A","None","0",""
"3070","EEB4940D48ECFF2B3F482C96D1A8437E","8","1","2024.09.22-21.20.03","Receive","ConcertAdmin_GetSessionsResponse","CB47B14C4D49581DFB2F3D87212EDADC","5C26F9104F38DEEE683AF899DBB59F6A","None","0",""
"3070","F9DB6089408FF88C6B69A0836C476B33","9","1","2024.09.22-21.20.03","Queue","ConcertAdmin_GetSessionsResponse","CB47B14C4D49581DFB2F3D87212EDADC","CB47B14C4D49581DFB2F3D87212EDADC","None","0",""
"3070","234049624440611C9122C9B8A600A8B1","","0","2024.09.22-21.20.03","Process","ConcertAckData","CB47B14C4D49581DFB2F3D87212EDADC","5C26F9104F38DEEE683AF899DBB59F6A","None","0",""
"3070","EEB4940D48ECFF2B3F482C96D1A8437E","8","1","2024.09.22-21.20.03","Process","ConcertAdmin_GetSessionsResponse","CB47B14C4D49581DFB2F3D87212EDADC","5C26F9104F38DEEE683AF899DBB59F6A","None","0",""
"3070","F9DB6089408FF88C6B69A0836C476B33","9","1","2024.09.22-21.20.03","Process","ConcertAdmin_GetSessionsResponse","CB47B14C4D49581DFB2F3D87212EDADC","5C26F9104F38DEEE683AF899DBB59F6A","None","0",""
"3070","2EA6527B49A3BCFFC74FDFAC19D83098","","0","2024.09.22-21.20.03","Send","ConcertAckData","5C26F9104F38DEEE683AF899DBB59F6A","CB47B14C4D49581DFB2F3D87212EDADC","None","0",""
"3086","E253ADEB45EE61C5F0529FA34E6947E2","","0","2024.09.22-21.20.04","Publish","ConcertAdmin_DiscoverServersEvent","5C26F9104F38DEEE683AF899DBB59F6A","00000000000000000000000000000000","None","0",""
"3088","2C6EE34A425251D3FF5B068E1D5A7F83","","0","2024.09.22-21.20.04","Receive","ConcertAdmin_ServerDiscoveredEvent","CB47B14C4D49581DFB2F3D87212EDADC","5C26F9104F38DEEE683AF899DBB59F6A","None","0",""
"3088","2C6EE34A425251D3FF5B068E1D5A7F83","","0","2024.09.22-21.20.04","Process","ConcertAdmin_ServerDiscoveredEvent","CB47B14C4D49581DFB2F3D87212EDADC","5C26F9104F38DEEE683AF899DBB59F6A","None","0",""
"3160","6FF62718489DD5B767CA92ADB9EE5597","10","1","2024.09.22-21.20.04","Send","ConcertAdmin_GetLiveSessionsRequest","5C26F9104F38DEEE683AF899DBB59F6A","CB47B14C4D49581DFB2F3D87212EDADC","None","0",""
"3160","12A960654C444AB859BDAAB042D9960A","11","1","2024.09.22-21.20.04","Send","ConcertAdmin_GetArchivedSessionsRequest","5C26F9104F38DEEE683AF899DBB59F6A","CB47B14C4D49581DFB2F3D87212EDADC","None","0",""
"3162","AAC6910C4DA435D2B7762995265E311D","10","1","2024.09.22-21.20.04","Receive","ConcertAdmin_GetSessionsResponse","CB47B14C4D49581DFB2F3D87212EDADC","5C26F9104F38DEEE683AF899DBB59F6A","None","0",""
"3162","002E245D4E3008088ACC7492E054EF4A","11","1","2024.09.22-21.20.04","Receive","ConcertAdmin_GetSessionsResponse","CB47B14C4D49581DFB2F3D87212EDADC","5C26F9104F38DEEE683AF899DBB59F6A","None","0",""
"3162","6E7E06814B675ABE1830AFA0BE341E5D","","0","2024.09.22-21.20.04","Receive","ConcertAckData","CB47B14C4D49581DFB2F3D87212EDADC","5C26F9104F38DEEE683AF899DBB59F6A","None","0",""
"3162","AAC6910C4DA435D2B7762995265E311D","10","1","2024.09.22-21.20.04","Process","ConcertAdmin_GetSessionsResponse","CB47B14C4D49581DFB2F3D87212EDADC","5C26F9104F38DEEE683AF899DBB59F6A","None","0",""
"3162","002E245D4E3008088ACC7492E054EF4A","11","1","2024.09.22-21.20.04","Process","ConcertAdmin_GetSessionsResponse","CB47B14C4D49581DFB2F3D87212EDADC","5C26F9104F38DEEE683AF899DBB59F6A","None","0",""
"3162","6E7E06814B675ABE1830AFA0BE341E5D","","0","2024.09.22-21.20.04","Process","ConcertAckData","CB47B14C4D49581DFB2F3D87212EDADC","5C26F9104F38DEEE683AF899DBB59F6A","None","0",""
"3162","0BD653DB48E04676728233BCBC76DD02","","0","2024.09.22-21.20.04","Send","ConcertAckData","5C26F9104F38DEEE683AF899DBB59F6A","CB47B14C4D49581DFB2F3D87212EDADC","None","0",""
"3198","562DBDD04A3CAD8583A69A86BA4061FF","","0","2024.09.22-21.20.05","Publish","ConcertAdmin_DiscoverServersEvent","5C26F9104F38DEEE683AF899DBB59F6A","00000000000000000000000000000000","None","0",""
"3200","4AA8C47141D6C9F3DFBFF0889DD82F85","","0","2024.09.22-21.20.05","Receive","ConcertAdmin_ServerDiscoveredEvent","CB47B14C4D49581DFB2F3D87212EDADC","5C26F9104F38DEEE683AF899DBB59F6A","None","0",""
"3200","4AA8C47141D6C9F3DFBFF0889DD82F85","","0","2024.09.22-21.20.05","Process","ConcertAdmin_ServerDiscoveredEvent","CB47B14C4D49581DFB2F3D87212EDADC","5C26F9104F38DEEE683AF899DBB59F6A","None","0",""
"3276","3CD17D8E4E6EB9CE9659F9ABBECA5E21","12","1","2024.09.22-21.20.05","Send","ConcertAdmin_GetLiveSessionsRequest","5C26F9104F38DEEE683AF899DBB59F6A","CB47B14C4D49581DFB2F3D87212EDADC","None","0",""
"3276","A92E613A497DAF507F53E996839ECF71","13","1","2024.09.22-21.20.05","Send","ConcertAdmin_GetArchivedSessionsRequest","5C26F9104F38DEEE683AF899DBB59F6A","CB47B14C4D49581DFB2F3D87212EDADC","None","0",""
"3277","363C0DE14762CA521379FEBCD3696579","13","1","2024.09.22-21.20.05","Receive","ConcertAdmin_GetSessionsResponse","CB47B14C4D49581DFB2F3D87212EDADC","5C26F9104F38DEEE683AF899DBB59F6A","None","0",""
"3277","29BFD0D34DB4B9E25D91E183993F97C0","","0","2024.09.22-21.20.05","Receive","ConcertAckData","CB47B14C4D49581DFB2F3D87212EDADC","5C26F9104F38DEEE683AF899DBB59F6A","None","0",""
"3277","363C0DE14762CA521379FEBCD3696579","13","1","2024.09.22-21.20.05","Queue","ConcertAdmin_GetSessionsResponse","CB47B14C4D49581DFB2F3D87212EDADC","CB47B14C4D49581DFB2F3D87212EDADC","None","0",""
"3277","29BFD0D34DB4B9E25D91E183993F97C0","","0","2024.09.22-21.20.05","Process","ConcertAckData","CB47B14C4D49581DFB2F3D87212EDADC","5C26F9104F38DEEE683AF899DBB59F6A","None","0",""
"3278","AD7A96204EE039CBB432AEB70F282492","12","1","2024.09.22-21.20.05","Receive","ConcertAdmin_GetSessionsResponse","CB47B14C4D49581DFB2F3D87212EDADC","5C26F9104F38DEEE683AF899DBB59F6A","None","0",""
"3278","AD7A96204EE039CBB432AEB70F282492","12","1","2024.09.22-21.20.05","Process","ConcertAdmin_GetSessionsResponse","CB47B14C4D49581DFB2F3D87212EDADC","5C26F9104F38DEEE683AF899DBB59F6A","None","0",""
"3278","363C0DE14762CA521379FEBCD3696579","13","1","2024.09.22-21.20.05","Process","ConcertAdmin_GetSessionsResponse","CB47B14C4D49581DFB2F3D87212EDADC","5C26F9104F38DEEE683AF899DBB59F6A","None","0",""
"3278","CE55C09349EA25802A45709365F35AE2","","0","2024.09.22-21.20.05","Send","ConcertAckData","5C26F9104F38DEEE683AF899DBB59F6A","CB47B14C4D49581DFB2F3D87212EDADC","None","0",""
"3317","C6D83DE6498D139BCF080490618E5CD0","","0","2024.09.22-21.20.06","Publish","ConcertAdmin_DiscoverServersEvent","5C26F9104F38DEEE683AF899DBB59F6A","00000000000000000000000000000000","None","0",""
"3318","F788969A47A93247CDC0D8BD040FECA6","","0","2024.09.22-21.20.06","Receive","ConcertAdmin_ServerDiscoveredEvent","CB47B14C4D49581DFB2F3D87212EDADC","5C26F9104F38DEEE683AF899DBB59F6A","None","0",""
"3318","F788969A47A93247CDC0D8BD040FECA6","","0","2024.09.22-21.20.06","Process","ConcertAdmin_ServerDiscoveredEvent","CB47B14C4D49581DFB2F3D87212EDADC","5C26F9104F38DEEE683AF899DBB59F6A","None","0",""
"3387","006195C64546B2408DD2A5932F7350FB","14","1","2024.09.22-21.20.06","Send","ConcertAdmin_GetLiveSessionsRequest","5C26F9104F38DEEE683AF899DBB59F6A","CB47B14C4D49581DFB2F3D87212EDADC","None","0",""
"3387","0C7818A547E7A1B5CA864CBB0D21FEE4","15","1","2024.09.22-21.20.06","Send","ConcertAdmin_GetArchivedSessionsRequest","5C26F9104F38DEEE683AF899DBB59F6A","CB47B14C4D49581DFB2F3D87212EDADC","None","0",""
"3387","2F0BAE664F82AFD19C965DB63FB05AC5","16","1","2024.09.22-21.20.06","Send","ConcertAdmin_GetSessionClientsRequest","5C26F9104F38DEEE683AF899DBB59F6A","CB47B14C4D49581DFB2F3D87212EDADC","None","0",""
"3387","8DD833FD4D9431B462FB1B9C81ABE752","15","1","2024.09.22-21.20.06","Receive","ConcertAdmin_GetSessionsResponse","CB47B14C4D49581DFB2F3D87212EDADC","5C26F9104F38DEEE683AF899DBB59F6A","None","0",""
"3387","AC5BEE0F43CB3D53CF219BA3954CA4B5","","0","2024.09.22-21.20.06","Receive","ConcertAckData","CB47B14C4D49581DFB2F3D87212EDADC","5C26F9104F38DEEE683AF899DBB59F6A","None","0",""
"3387","8A274E7D4CAB59F1FEC91CACDFD3930E","14","1","2024.09.22-21.20.06","Receive","ConcertAdmin_GetSessionsResponse","CB47B14C4D49581DFB2F3D87212EDADC","5C26F9104F38DEEE683AF899DBB59F6A","None","0",""
"3387","8DD833FD4D9431B462FB1B9C81ABE752","15","1","2024.09.22-21.20.06","Queue","ConcertAdmin_GetSessionsResponse","CB47B14C4D49581DFB2F3D87212EDADC","CB47B14C4D49581DFB2F3D87212EDADC","None","0",""
"3387","AC5BEE0F43CB3D53CF219BA3954CA4B5","","0","2024.09.22-21.20.06","Process","ConcertAckData","CB47B14C4D49581DFB2F3D87212EDADC","5C26F9104F38DEEE683AF899DBB59F6A","None","0",""
"3387","8A274E7D4CAB59F1FEC91CACDFD3930E","14","1","2024.09.22-21.20.06","Process","ConcertAdmin_GetSessionsResponse","CB47B14C4D49581DFB2F3D87212EDADC","5C26F9104F38DEEE683AF899DBB59F6A","None","0",""
"3387","8DD833FD4D9431B462FB1B9C81ABE752","15","1","2024.09.22-21.20.06","Process","ConcertAdmin_GetSessionsResponse","CB47B14C4D49581DFB2F3D87212EDADC","5C26F9104F38DEEE683AF899DBB59F6A","None","0",""
"3387","0201B93948C68598BF74FFA7BB0033D8","","0","2024.09.22-21.20.06","Send","ConcertAckData","5C26F9104F38DEEE683AF899DBB59F6A","CB47B14C4D49581DFB2F3D87212EDADC","None","0",""
"3389","D0D9ECA849938DDC25968FB78A3F7B96","16","1","2024.09.22-21.20.06","Receive","ConcertAdmin_GetSessionClientsResponse","CB47B14C4D49581DFB2F3D87212EDADC","5C26F9104F38DEEE683AF899DBB59F6A","None","0",""
"3389","8A6B082D4F8B618889FABCA25E91238E","","0","2024.09.22-21.20.06","Receive","ConcertAckData","CB47B14C4D49581DFB2F3D87212EDADC","5C26F9104F38DEEE683AF899DBB59F6A","None","0",""
"3389","D0D9ECA849938DDC25968FB78A3F7B96","16","1","2024.09.22-21.20.06","Process","ConcertAdmin_GetSessionClientsResponse","CB47B14C4D49581DFB2F3D87212EDADC","5C26F9104F38DEEE683AF899DBB59F6A","None","0",""
"3389","8A6B082D4F8B618889FABCA25E91238E","","0","2024.09.22-21.20.06","Process","ConcertAckData","CB47B14C4D49581DFB2F3D87212EDADC","5C26F9104F38DEEE683AF899DBB59F6A","None","0",""
"3389","69A117134709F59182E77F838DB7AC54","","0","2024.09.22-21.20.06","Send","ConcertAckData","5C26F9104F38DEEE683AF899DBB59F6A","CB47B14C4D49581DFB2F3D87212EDADC","None","0",""
"3390","402085B4429CC30F7882FFBC928B4491","17","1","2024.09.22-21.20.06","Send","ConcertAdmin_GetLiveSessionsRequest","5C26F9104F38DEEE683AF899DBB59F6A","CB47B14C4D49581DFB2F3D87212EDADC","None","0",""
"3390","0F960C4F40DCBF156C0776BED99A49DE","18","1","2024.09.22-21.20.06","Send","ConcertAdmin_GetArchivedSessionsRequest","5C26F9104F38DEEE683AF899DBB59F6A","CB47B14C4D49581DFB2F3D87212EDADC","None","0",""
"3390","DF9D547949C7993CF1A18EAD6106C945","19","1","2024.09.22-21.20.06","Send","ConcertAdmin_GetSessionClientsRequest","5C26F9104F38DEEE683AF899DBB59F6A","CB47B14C4D49581DFB2F3D87212EDADC","None","0",""
"3391","55A58B2043DAFB1FB1DEA9BDC005635B","18","1","2024.09.22-21.20.06","Receive","ConcertAdmin_GetSessionsResponse","CB47B14C4D49581DFB2F3D87212EDADC","5C26F9104F38DEEE683AF899DBB59F6A","None","0",""
"3391","69C78AEF4777460861B1619D7E3A6BBB","","0","2024.09.22-21.20.06","Receive","ConcertAckData","CB47B14C4D49581DFB2F3D87212EDADC","5C26F9104F38DEEE683AF899DBB59F6A","None","0",""
"3391","65EC6EEE44D7CC62BCCC7F89B879B367","19","1","2024.09.22-21.20.06","Receive","ConcertAdmin_GetSessionClientsResponse","CB47B14C4D49581DFB2F3D87212EDADC","5C26F9104F38DEEE683AF899DBB59F6A","None","0",""
"3391","60FDF03B4E130567054945BFA09406A3","17","1","2024.09.22-21.20.06","Receive","ConcertAdmin_GetSessionsResponse","CB47B14C4D49581DFB2F3D87212EDADC","5C26F9104F38DEEE683AF899DBB59F6A","None","0",""
"3391","55A58B2043DAFB1FB1DEA9BDC005635B","18","1","2024.09.22-21.20.06","Queue","ConcertAdmin_GetSessionsResponse","CB47B14C4D49581DFB2F3D87212EDADC","CB47B14C4D49581DFB2F3D87212EDADC","None","0",""
"3391","69C78AEF4777460861B1619D7E3A6BBB","","0","2024.09.22-21.20.06","Process","ConcertAckData","CB47B14C4D49581DFB2F3D87212EDADC","5C26F9104F38DEEE683AF899DBB59F6A","None","0",""
"3391","65EC6EEE44D7CC62BCCC7F89B879B367","19","1","2024.09.22-21.20.06","Queue","ConcertAdmin_GetSessionClientsResponse","CB47B14C4D49581DFB2F3D87212EDADC","CB47B14C4D49581DFB2F3D87212EDADC","None","0",""
"3391","60FDF03B4E130567054945BFA09406A3","17","1","2024.09.22-21.20.06","Process","ConcertAdmin_GetSessionsResponse","CB47B14C4D49581DFB2F3D87212EDADC","5C26F9104F38DEEE683AF899DBB59F6A","None","0",""
"3391","55A58B2043DAFB1FB1DEA9BDC005635B","18","1","2024.09.22-21.20.06","Process","ConcertAdmin_GetSessionsResponse","CB47B14C4D49581DFB2F3D87212EDADC","5C26F9104F38DEEE683AF899DBB59F6A","None","0",""
"3391","65EC6EEE44D7CC62BCCC7F89B879B367","19","1","2024.09.22-21.20.06","Process","ConcertAdmin_GetSessionClientsResponse","CB47B14C4D49581DFB2F3D87212EDADC","5C26F9104F38DEEE683AF899DBB59F6A","None","0",""
"3391","8DE1D5ED452C7982802030B290790E32","","0","2024.09.22-21.20.06","Send","ConcertAckData","5C26F9104F38DEEE683AF899DBB59F6A","CB47B14C4D49581DFB2F3D87212EDADC","None","0",""
"3392","047C11AD4E449A6FE732B8A5831A0277","20","1","2024.09.22-21.20.07","Send","ConcertAdmin_GetLiveSessionsRequest","5C26F9104F38DEEE683AF899DBB59F6A","CB47B14C4D49581DFB2F3D87212EDADC","None","0",""
"3392","AACB39344FC54180A15C54B66ED2B7D6","21","1","2024.09.22-21.20.07","Send","ConcertAdmin_GetArchivedSessionsRequest","5C26F9104F38DEEE683AF899DBB59F6A","CB47B14C4D49581DFB2F3D87212EDADC","None","0",""
"3392","5F30EB6B4B0EBFFCEDF40C93B0A7DB8D","22","1","2024.09.22-21.20.07","Send","ConcertAdmin_GetSessionClientsRequest","5C26F9104F38DEEE683AF899DBB59F6A","CB47B14C4D49581DFB2F3D87212EDADC","None","0",""
"3393","A54FB74D464A2F929CF10E84C6CBD90A","22","1","2024.09.22-21.20.07","Receive","ConcertAdmin_GetSessionClientsResponse","CB47B14C4D49581DFB2F3D87212EDADC","5C26F9104F38DEEE683AF899DBB59F6A","None","0",""
"3393","ADB0F3774382E38764BA1481B2AF5106","21","1","2024.09.22-21.20.07","Receive","ConcertAdmin_GetSessionsResponse","CB47B14C4D49581DFB2F3D87212EDADC","5C26F9104F38DEEE683AF899DBB59F6A","None","0",""
"3393","9ECAB340480BEE0D9A1B49AF06421A57","","0","2024.09.22-21.20.07","Receive","ConcertAckData","CB47B14C4D49581DFB2F3D87212EDADC","5C26F9104F38DEEE683AF899DBB59F6A","None","0",""
"3393","CDDCF21C422235AD963F7A88402AD352","20","1","2024.09.22-21.20.07","Receive","ConcertAdmin_GetSessionsResponse","CB47B14C4D49581DFB2F3D87212EDADC","5C26F9104F38DEEE683AF899DBB59F6A","None","0",""
"3393","A54FB74D464A2F929CF10E84C6CBD90A","22","1","2024.09.22-21.20.07","Queue","ConcertAdmin_GetSessionClientsResponse","CB47B14C4D49581DFB2F3D87212EDADC","CB47B14C4D49581DFB2F3D87212EDADC","None","0",""
"3393","ADB0F3774382E38764BA1481B2AF5106","21","1","2024.09.22-21.20.07","Queue","ConcertAdmin_GetSessionsResponse","CB47B14C4D49581DFB2F3D87212EDADC","CB47B14C4D49581DFB2F3D87212EDADC","None","0",""
"3393","9ECAB340480BEE0D9A1B49AF06421A57","","0","2024.09.22-21.20.07","Process","ConcertAckData","CB47B14C4D49581DFB2F3D87212EDADC","5C26F9104F38DEEE683AF899DBB59F6A","None","0",""
"3393","CDDCF21C422235AD963F7A88402AD352","20","1","2024.09.22-21.20.07","Process","ConcertAdmin_GetSessionsResponse","CB47B14C4D49581DFB2F3D87212EDADC","5C26F9104F38DEEE683AF899DBB59F6A","None","0",""
"3393","ADB0F3774382E38764BA1481B2AF5106","21","1","2024.09.22-21.20.07","Process","ConcertAdmin_GetSessionsResponse","CB47B14C4D49581DFB2F3D87212EDADC","5C26F9104F38DEEE683AF899DBB59F6A","None","0",""
"3393","A54FB74D464A2F929CF10E84C6CBD90A","22","1","2024.09.22-21.20.07","Process","ConcertAdmin_GetSessionClientsResponse","CB47B14C4D49581DFB2F3D87212EDADC","5C26F9104F38DEEE683AF899DBB59F6A","None","0",""
"3393","FCB1400148037364F32EC980D51337F6","","0","2024.09.22-21.20.07","Send","ConcertAckData","5C26F9104F38DEEE683AF899DBB59F6A","CB47B14C4D49581DFB2F3D87212EDADC","None","0",""
"3394","A9571D4345FFE233D84BAABE4EBE14BE","23","1","2024.09.22-21.20.07","Send","ConcertAdmin_GetLiveSessionsRequest","5C26F9104F38DEEE683AF899DBB59F6A","CB47B14C4D49581DFB2F3D87212EDADC","None","0",""
"3394","4D72630B4DC0BC3CD8E6FEBE79D9BA61","24","1","2024.09.22-21.20.07","Send","ConcertAdmin_GetArchivedSessionsRequest","5C26F9104F38DEEE683AF899DBB59F6A","CB47B14C4D49581DFB2F3D87212EDADC","None","0",""
"3394","44DBFD66449FC2B3F1211F8FE6D247DA","25","1","2024.09.22-21.20.07","Send","ConcertAdmin_GetSessionClientsRequest","5C26F9104F38DEEE683AF899DBB59F6A","CB47B14C4D49581DFB2F3D87212EDADC","None","0",""
"3395","ED8AF8E547C5BCAFE18AFDAC6627D80B","24","1","2024.09.22-21.20.07","Receive","ConcertAdmin_GetSessionsResponse","CB47B14C4D49581DFB2F3D87212EDADC","5C26F9104F38DEEE683AF899DBB59F6A","None","0",""
"3395","48CA5C4F42BC23B0C1BDB091A39A08D9","25","1","2024.09.22-21.20.07","Receive","ConcertAdmin_GetSessionClientsResponse","CB47B14C4D49581DFB2F3D87212EDADC","5C26F9104F38DEEE683AF899DBB59F6A","None","0",""
"3395","64788B22497BA7BBBC3F3AA13467B6B1","","0","2024.09.22-21.20.07","Receive","ConcertAckData","CB47B14C4D49581DFB2F3D87212EDADC","5C26F9104F38DEEE683AF899DBB59F6A","None","0",""
"3395","51EF435A4FDBE4830252869ECBD6E432","23","1","2024.09.22-21.20.07","Receive","ConcertAdmin_GetSessionsResponse","CB47B14C4D49581DFB2F3D87212EDADC","5C26F9104F38DEEE683AF899DBB59F6A","None","0",""
"3395","ED8AF8E547C5BCAFE18AFDAC6627D80B","24","1","2024.09.22-21.20.07","Queue","ConcertAdmin_GetSessionsResponse","CB47B14C4D49581DFB2F3D87212EDADC","CB47B14C4D49581DFB2F3D87212EDADC","None","0",""
"3395","48CA5C4F42BC23B0C1BDB091A39A08D9","25","1","2024.09.22-21.20.07","Queue","ConcertAdmin_GetSessionClientsResponse","CB47B14C4D49581DFB2F3D87212EDADC","CB47B14C4D49581DFB2F3D87212EDADC","None","0",""
"3395","64788B22497BA7BBBC3F3AA13467B6B1","","0","2024.09.22-21.20.07","Process","ConcertAckData","CB47B14C4D49581DFB2F3D87212EDADC","5C26F9104F38DEEE683AF899DBB59F6A","None","0",""
"3395","51EF435A4FDBE4830252869ECBD6E432","23","1","2024.09.22-21.20.07","Process","ConcertAdmin_GetSessionsResponse","CB47B14C4D49581DFB2F3D87212EDADC","5C26F9104F38DEEE683AF899DBB59F6A","None","0",""
"3395","ED8AF8E547C5BCAFE18AFDAC6627D80B","24","1","2024.09.22-21.20.07","Process","ConcertAdmin_GetSessionsResponse","CB47B14C4D49581DFB2F3D87212EDADC","5C26F9104F38DEEE683AF899DBB59F6A","None","0",""
"3395","48CA5C4F42BC23B0C1BDB091A39A08D9","25","1","2024.09.22-21.20.07","Process","ConcertAdmin_GetSessionClientsResponse","CB47B14C4D49581DFB2F3D87212EDADC","5C26F9104F38DEEE683AF899DBB59F6A","None","0",""
"3395","103B04784E697D5BA855368C936B2C8E","","0","2024.09.22-21.20.07","Send","ConcertAckData","5C26F9104F38DEEE683AF899DBB59F6A","CB47B14C4D49581DFB2F3D87212EDADC","None","0",""
"3396","122213C34E04C5F37065ADB169695884","26","1","2024.09.22-21.20.07","Send","ConcertAdmin_DeleteSessionRequest","5C26F9104F38DEEE683AF899DBB59F6A","CB47B14C4D49581DFB2F3D87212EDADC","None","0",""
"3396","6E53591646CA47598699C3A84C5B6AC7","27","1","2024.09.22-21.20.07","Send","ConcertAdmin_GetLiveSessionsRequest","5C26F9104F38DEEE683AF899DBB59F6A","CB47B14C4D49581DFB2F3D87212EDADC","None","0",""
"3396","1AF4C8914AD581F1E28750B725037B85","28","1","2024.09.22-21.20.07","Send","ConcertAdmin_GetArchivedSessionsRequest","5C26F9104F38DEEE683AF899DBB59F6A","CB47B14C4D49581DFB2F3D87212EDADC","None","0",""
"3396","92E2EBDC44BE884C9FCF039726D10BF1","29","1","2024.09.22-21.20.07","Send","ConcertAdmin_GetSessionClientsRequest","5C26F9104F38DEEE683AF899DBB59F6A","CB47B14C4D49581DFB2F3D87212EDADC","None","0",""
"3397","D30E385B4DD9A9DEED03DEAE3DB590CA","26","1","2024.09.22-21.20.07","Receive","ConcertAdmin_DeleteSessionResponse","CB47B14C4D49581DFB2F3D87212EDADC","5C26F9104F38DEEE683AF899DBB59F6A","None","0",""
"3397","CDA5ED944BC0B173149C459545BC1793","27","1","2024.09.22-21.20.07","Receive","ConcertAdmin_GetSessionsResponse","CB47B14C4D49581DFB2F3D87212EDADC","5C26F9104F38DEEE683AF899DBB59F6A","None","0",""
"3397","A6612D2947D6D576B5489A9B55E4ECFF","28","1","2024.09.22-21.20.07","Receive","ConcertAdmin_GetSessionsResponse","CB47B14C4D49581DFB2F3D87212EDADC","5C26F9104F38DEEE683AF899DBB59F6A","None","0",""
"3397","CAAD55D4450843EA624244904DF9C465","29","1","2024.09.22-21.20.07","Receive","ConcertAdmin_GetSessionClientsResponse","CB47B14C4D49581DFB2F3D87212EDADC","5C26F9104F38DEEE683AF899DBB59F6A","None","0",""
"3397","7B7F5CFA417558CF07297390B843F722","","0","2024.09.22-21.20.07","Receive","ConcertAckData","CB47B14C4D49581DFB2F3D87212EDADC","5C26F9104F38DEEE683AF899DBB59F6A","None","0",""
"3397","D30E385B4DD9A9DEED03DEAE3DB590CA","26","1","2024.09.22-21.20.07","Process","ConcertAdmin_DeleteSessionResponse","CB47B14C4D49581DFB2F3D87212EDADC","5C26F9104F38DEEE683AF899DBB59F6A","None","0",""
"3397","CDA5ED944BC0B173149C459545BC1793","27","1","2024.09.22-21.20.07","Process","ConcertAdmin_GetSessionsResponse","CB47B14C4D49581DFB2F3D87212EDADC","5C26F9104F38DEEE683AF899DBB59F6A","None","0",""
"3397","A6612D2947D6D576B5489A9B55E4ECFF","28","1","2024.09.22-21.20.07","Process","ConcertAdmin_GetSessionsResponse","CB47B14C4D49581DFB2F3D87212EDADC","5C26F9104F38DEEE683AF899DBB59F6A","None","0",""
"3397","CAAD55D4450843EA624244904DF9C465","29","1","2024.09.22-21.20.07","Process","ConcertAdmin_GetSessionClientsResponse","CB47B14C4D49581DFB2F3D87212EDADC","5C26F9104F38DEEE683AF899DBB59F6A","None","0",""
"3397","7B7F5CFA417558CF07297390B843F722","","0","2024.09.22-21.20.07","Process","ConcertAckData","CB47B14C4D49581DFB2F3D87212EDADC","5C26F9104F38DEEE683AF899DBB59F6A","None","0",""
"3397","C6F15EF340AC2310F3B608B4E556FE73","","0","2024.09.22-21.20.07","Send","ConcertAckData","5C26F9104F38DEEE683AF899DBB59F6A","CB47B14C4D49581DFB2F3D87212EDADC","None","0",""
"3397","6C1EECB249055987923A019E8EE6B583","","0","2024.09.22-21.20.07","Publish","ConcertAdmin_DiscoverServersEvent","5C26F9104F38DEEE683AF899DBB59F6A","00000000000000000000000000000000","None","0",""
"3398","89D6A85E41331F85D08201AE30910E88","30","1","2024.09.22-21.20.08","Send","ConcertAdmin_GetLiveSessionsRequest","5C26F9104F38DEEE683AF899DBB59F6A","CB47B14C4D49581DFB2F3D87212EDADC","None","0",""
"3398","8B8983344E57151A82659B9C29F4D40C","31","1","2024.09.22-21.20.08","Send","ConcertAdmin_GetArchivedSessionsRequest","5C26F9104F38DEEE683AF899DBB59F6A","CB47B14C4D49581DFB2F3D87212EDADC","None","0",""
"3398","38E1E630409BA4B113F734A219B24889","32","1","2024.09.22-21.20.08","Send","ConcertAdmin_GetSessionClientsRequest","5C26F9104F38DEEE683AF899DBB59F6A","CB47B14C4D49581DFB2F3D87212EDADC","None","0",""
"3398","E9F44D8C4696D02AD47BEF90F8313035","","0","2024.09.22-21.20.08","Receive","ConcertAdmin_ServerDiscoveredEvent","CB47B14C4D49581DFB2F3D87212EDADC","5C26F9104F38DEEE683AF899DBB59F6A","None","0",""
"3398","6B9CC89D40B6DE53EF3BAD95FB8052D4","30","1","2024.09.22-21.20.08","Receive","ConcertAdmin_GetSessionsResponse","CB47B14C4D49581DFB2F3D87212EDADC","5C26F9104F38DEEE683AF899DBB59F6A","None","0",""
"3398","8F1669EC437DAE8387E336A8097FFFB3","31","1","2024.09.22-21.20.08","Receive","ConcertAdmin_GetSessionsResponse","CB47B14C4D49581DFB2F3D87212EDADC","5C26F9104F38DEEE683AF899DBB59F6A","None","0",""
"3398","EDC06F9C4C372A6CB277E198005C367E","","0","2024.09.22-21.20.08","Receive","ConcertAckData","CB47B14C4D49581DFB2F3D87212EDADC","5C26F9104F38DEEE683AF899DBB59F6A","None","0",""
"3398","19E56C9241E4887E753195BC7BFC3C14","32","1","2024.09.22-21.20.08","Receive","ConcertAdmin_GetSessionClientsResponse","CB47B14C4D49581DFB2F3D87212EDADC","5C26F9104F38DEEE683AF899DBB59F6A","None","0",""
"3398","E9F44D8C4696D02AD47BEF90F8313035","","0","2024.09.22-21.20.08","Process","ConcertAdmin_ServerDiscoveredEvent","CB47B14C4D49581DFB2F3D87212EDADC","5C26F9104F38DEEE683AF899DBB59F6A","None","0",""
"3398","6B9CC89D40B6DE53EF3BAD95FB8052D4","30","1","2024.09.22-21.20.08","Process","ConcertAdmin_GetSessionsResponse","CB47B14C4D49581DFB2F3D87212EDADC","5C26F9104F38DEEE683AF899DBB59F6A","None","0",""
"3398","8F1669EC437DAE8387E336A8097FFFB3","31","1","2024.09.22-21.20.08","Process","ConcertAdmin_GetSessionsResponse","CB47B14C4D49581DFB2F3D87212EDADC","5C26F9104F38DEEE683AF899DBB59F6A","None","0",""
"3398","EDC06F9C4C372A6CB277E198005C367E","","0","2024.09.22-21.20.08","Process","ConcertAckData","CB47B14C4D49581DFB2F3D87212EDADC","5C26F9104F38DEEE683AF899DBB59F6A","None","0",""
"3398","19E56C9241E4887E753195BC7BFC3C14","32","1","2024.09.22-21.20.08","Process","ConcertAdmin_GetSessionClientsResponse","CB47B14C4D49581DFB2F3D87212EDADC","5C26F9104F38DEEE683AF899DBB59F6A","None","0",""
"3398","C3A761FB420E65C8770E6FB8EB95635E","","0","2024.09.22-21.20.08","Send","ConcertAckData","5C26F9104F38DEEE683AF899DBB59F6A","CB47B14C4D49581DFB2F3D87212EDADC","None","0",""
"3399","F6F6C3A94DAB7FA128FF3ABFB4E0D88D","33","1","2024.09.22-21.20.08","Send","ConcertAdmin_GetLiveSessionsRequest","5C26F9104F38DEEE683AF899DBB59F6A","CB47B14C4D49581DFB2F3D87212EDADC","None","0",""
"3399","134D57CB48F619C4B6CC9489CC9124E5","34","1","2024.09.22-21.20.08","Send","ConcertAdmin_GetArchivedSessionsRequest","5C26F9104F38DEEE683AF899DBB59F6A","CB47B14C4D49581DFB2F3D87212EDADC","None","0",""
"3399","A2F213434C748FA66807769645228220","33","1","2024.09.22-21.20.08","Receive","ConcertAdmin_GetSessionsResponse","CB47B14C4D49581DFB2F3D87212EDADC","5C26F9104F38DEEE683AF899DBB59F6A","None","0",""
"3399","A7503A534C7FB5584F4CAB828466A4BD","","0","2024.09.22-21.20.08","Receive","ConcertAckData","CB47B14C4D49581DFB2F3D87212EDADC","5C26F9104F38DEEE683AF899DBB59F6A","None","0",""
"3399","6B67B17448C71438D155198061922614","34","1","2024.09.22-21.20.08","Receive","ConcertAdmin_GetSessionsResponse","CB47B14C4D49581DFB2F3D87212EDADC","5C26F9104F38DEEE683AF899DBB59F6A","None","0",""
"3399","A2F213434C748FA66807769645228220","33","1","2024.09.22-21.20.08","Process","ConcertAdmin_GetSessionsResponse","CB47B14C4D49581DFB2F3D87212EDADC","5C26F9104F38DEEE683AF899DBB59F6A","None","0",""
"3399","A7503A534C7FB5584F4CAB828466A4BD","","0","2024.09.22-21.20.08","Process","ConcertAckData","CB47B14C4D49581DFB2F3D87212EDADC","5C26F9104F38DEEE683AF899DBB59F6A","None","0",""
"3399","6B67B17448C71438D155198061922614","34","1","2024.09.22-21.20.08","Process","ConcertAdmin_GetSessionsResponse","CB47B14C4D49581DFB2F3D87212EDADC","5C26F9104F38DEEE683AF899DBB59F6A","None","0",""
"3399","10F27F56477E12058D5201959BF60AAA","","0","2024.09.22-21.20.08","Send","ConcertAckData","5C26F9104F38DEEE683AF899DBB59F6A","CB47B14C4D49581DFB2F3D87212EDADC","None","0",""
"3453","DE6226604B85CD5466E729835E0BE47A","","0","2024.09.22-21.20.08","Publish","ConcertAdmin_DiscoverServersEvent","5C26F9104F38DEEE683AF899DBB59F6A","00000000000000000000000000000000","None","0",""
"3457","6722C45B48AF33D7E1CE10A72016AB48","","0","2024.09.22-21.20.08","Receive","ConcertAdmin_ServerDiscoveredEvent","CB47B14C4D49581DFB2F3D87212EDADC","5C26F9104F38DEEE683AF899DBB59F6A","None","0",""
"3457","6722C45B48AF33D7E1CE10A72016AB48","","0","2024.09.22-21.20.08","Process","ConcertAdmin_ServerDiscoveredEvent","CB47B14C4D49581DFB2F3D87212EDADC","5C26F9104F38DEEE683AF899DBB59F6A","None","0",""
"3461","4D05146B4406B2835C05EA83A6AA5986","35","1","2024.09.22-21.20.08","Send","ConcertAdmin_GetLiveSessionsRequest","5C26F9104F38DEEE683AF899DBB59F6A","CB47B14C4D49581DFB2F3D87212EDADC","None","0",""
"3461","24E8EEE74708774AE410558D6B60A1F9","36","1","2024.09.22-21.20.08","Send","ConcertAdmin_GetArchivedSessionsRequest","5C26F9104F38DEEE683AF899DBB59F6A","CB47B14C4D49581DFB2F3D87212EDADC","None","0",""
"3465","890669C04EB71CD6ED6709AF10DF15C5","35","1","2024.09.22-21.20.09","Receive","ConcertAdmin_GetSessionsResponse","CB47B14C4D49581DFB2F3D87212EDADC","5C26F9104F38DEEE683AF899DBB59F6A","None","0",""
"3465","4989D1B646B2B32648F42A9A071C4661","36","1","2024.09.22-21.20.09","Receive","ConcertAdmin_GetSessionsResponse","CB47B14C4D49581DFB2F3D87212EDADC","5C26F9104F38DEEE683AF899DBB59F6A","None","0",""
"3465","E6F670D84E370A36F4BBB794B16C18FE","","0","2024.09.22-21.20.09","Receive","ConcertAckData","CB47B14C4D49581DFB2F3D87212EDADC","5C26F9104F38DEEE683AF899DBB59F6A","None","0",""
"3465","890669C04EB71CD6ED6709AF10DF15C5","35","1","2024.09.22-21.20.09","Process","ConcertAdmin_GetSessionsResponse","CB47B14C4D49581DFB2F3D87212EDADC","5C26F9104F38DEEE683AF899DBB59F6A","None","0",""
"3465","4989D1B646B2B32648F42A9A071C4661","36","1","2024.09.22-21.20.09","Process","ConcertAdmin_GetSessionsResponse","CB47B14C4D49581DFB2F3D87212EDADC","5C26F9104F38DEEE683AF899DBB59F6A","None","0",""
"3465","E6F670D84E370A36F4BBB794B16C18FE","","0","2024.09.22-21.20.09","Process","ConcertAckData","CB47B14C4D49581DFB2F3D87212EDADC","5C26F9104F38DEEE683AF899DBB59F6A","None","0",""
"3465","11FE6FF54C3A44960EC4F1A243812FA4","","0","2024.09.22-21.20.09","Send","ConcertAckData","5C26F9104F38DEEE683AF899DBB59F6A","CB47B14C4D49581DFB2F3D87212EDADC","None","0",""
"3566","3F751BB84455EDD8B1D2F1B5CF971A34","","0","2024.09.22-21.20.09","Publish","ConcertAdmin_DiscoverServersEvent","5C26F9104F38DEEE683AF899DBB59F6A","00000000000000000000000000000000","None","0",""
"3570","0D3AE45F439081A46FB43AB2C0D12487","","0","2024.09.22-21.20.09","Receive","ConcertAdmin_ServerDiscoveredEvent","CB47B14C4D49581DFB2F3D87212EDADC","5C26F9104F38DEEE683AF899DBB59F6A","None","0",""
"3570","0D3AE45F439081A46FB43AB2C0D12487","","0","2024.09.22-21.20.09","Process","ConcertAdmin_ServerDiscoveredEvent","CB47B14C4D49581DFB2F3D87212EDADC","5C26F9104F38DEEE683AF899DBB59F6A","None","0",""
"3573","FD9B7AED4D82BE14754ACBA2E1D25FD0","37","1","2024.09.22-21.20.09","Send","ConcertAdmin_GetLiveSessionsRequest","5C26F9104F38DEEE683AF899DBB59F6A","CB47B14C4D49581DFB2F3D87212EDADC","None","0",""
"3573","8196021E496B0C201C6A70A92575DA28","38","1","2024.09.22-21.20.09","Send","ConcertAdmin_GetArchivedSessionsRequest","5C26F9104F38DEEE683AF899DBB59F6A","CB47B14C4D49581DFB2F3D87212EDADC","None","0",""
"3574","B2A2FB3842B8CBB0FC9FDB8F421A6016","37","1","2024.09.22-21.20.09","Receive","ConcertAdmin_GetSessionsResponse","CB47B14C4D49581DFB2F3D87212EDADC","5C26F9104F38DEEE683AF899DBB59F6A","None","0",""
"3574","E5EF9CD74C321D28B4E576AF5E8188B0","38","1","2024.09.22-21.20.09","Receive","ConcertAdmin_GetSessionsResponse","CB47B14C4D49581DFB2F3D87212EDADC","5C26F9104F38DEEE683AF899DBB59F6A","None","0",""
"3574","FCEE313745BA40D9E4833BAA2D4387F1","","0","2024.09.22-21.20.09","Receive","ConcertAckData","CB47B14C4D49581DFB2F3D87212EDADC","5C26F9104F38DEEE683AF899DBB59F6A","None","0",""
"3574","B2A2FB3842B8CBB0FC9FDB8F421A6016","37","1","2024.09.22-21.20.09","Process","ConcertAdmin_GetSessionsResponse","CB47B14C4D49581DFB2F3D87212EDADC","5C26F9104F38DEEE683AF899DBB59F6A","None","0",""
"3574","E5EF9CD74C321D28B4E576AF5E8188B0","38","1","2024.09.22-21.20.09","Process","ConcertAdmin_GetSessionsResponse","CB47B14C4D49581DFB2F3D87212EDADC","5C26F9104F38DEEE683AF899DBB59F6A","None","0",""
"3574","FCEE313745BA40D9E4833BAA2D4387F1","","0","2024.09.22-21.20.09","Process","ConcertAckData","CB47B14C4D49581DFB2F3D87212EDADC","5C26F9104F38DEEE683AF899DBB59F6A","None","0",""
"3574","D6D335EE44B7B51513105EB81420F5F3","","0","2024.09.22-21.20.09","Send","ConcertAckData","5C26F9104F38DEEE683AF899DBB59F6A","CB47B14C4D49581DFB2F3D87212EDADC","None","0",""
"3681","D22F8E0B40A409026DA4079D650FD8BE","","0","2024.09.22-21.20.10","Publish","ConcertAdmin_DiscoverServersEvent","5C26F9104F38DEEE683AF899DBB59F6A","00000000000000000000000000000000","None","0",""
"3685","A9D4D29942308FC43D8C8BAE0F7B95B6","","0","2024.09.22-21.20.10","Receive","ConcertAdmin_ServerDiscoveredEvent","CB47B14C4D49581DFB2F3D87212EDADC","5C26F9104F38DEEE683AF899DBB59F6A","None","0",""
"3685","A9D4D29942308FC43D8C8BAE0F7B95B6","","0","2024.09.22-21.20.10","Process","ConcertAdmin_ServerDiscoveredEvent","CB47B14C4D49581DFB2F3D87212EDADC","5C26F9104F38DEEE683AF899DBB59F6A","None","0",""
"3688","B1E722744BD4DA5ACEF7499D9539373A","39","1","2024.09.22-21.20.10","Send","ConcertAdmin_GetLiveSessionsRequest","5C26F9104F38DEEE683AF899DBB59F6A","CB47B14C4D49581DFB2F3D87212EDADC","None","0",""
"3688","2543CD7A4E46F10EA6DC44A2AEFCE5EF","40","1","2024.09.22-21.20.10","Send","ConcertAdmin_GetArchivedSessionsRequest","5C26F9104F38DEEE683AF899DBB59F6A","CB47B14C4D49581DFB2F3D87212EDADC","None","0",""
"3691","50A177C846170AFF0CCAD381DBE05AB4","39","1","2024.09.22-21.20.10","Receive","ConcertAdmin_GetSessionsResponse","CB47B14C4D49581DFB2F3D87212EDADC","5C26F9104F38DEEE683AF899DBB59F6A","None","0",""
"3691","9C65A5554F0281A1C885E5A2C5B6072F","","0","2024.09.22-21.20.10","Receive","ConcertAckData","CB47B14C4D49581DFB2F3D87212EDADC","5C26F9104F38DEEE683AF899DBB59F6A","None","0",""
"3691","95005DF64E077C031E3A26A4DB1BC9E4","40","1","2024.09.22-21.20.10","Receive","ConcertAdmin_GetSessionsResponse","CB47B14C4D49581DFB2F3D87212EDADC","5C26F9104F38DEEE683AF899DBB59F6A","None","0",""
"3691","50A177C846170AFF0CCAD381DBE05AB4","39","1","2024.09.22-21.20.10","Process","ConcertAdmin_GetSessionsResponse","CB47B14C4D49581DFB2F3D87212EDADC","5C26F9104F38DEEE683AF899DBB59F6A","None","0",""
"3691","9C65A5554F0281A1C885E5A2C5B6072F","","0","2024.09.22-21.20.10","Process","ConcertAckData","CB47B14C4D49581DFB2F3D87212EDADC","5C26F9104F38DEEE683AF899DBB59F6A","None","0",""
"3691","95005DF64E077C031E3A26A4DB1BC9E4","40","1","2024.09.22-21.20.10","Process","ConcertAdmin_GetSessionsResponse","CB47B14C4D49581DFB2F3D87212EDADC","5C26F9104F38DEEE683AF899DBB59F6A","None","0",""
"3691","02F098374C3ED9A0530A34B015911D4B","","0","2024.09.22-21.20.10","Send","ConcertAckData","5C26F9104F38DEEE683AF899DBB59F6A","CB47B14C4D49581DFB2F3D87212EDADC","None","0",""
"3741","505884A847B3DA2641A65B8614341964","","0","2024.09.22-21.20.11","Publish","ConcertAdmin_DiscoverServersEvent","5C26F9104F38DEEE683AF899DBB59F6A","00000000000000000000000000000000","None","0",""
"3743","F4C12C6743D1A11E657D7EB779F22EA2","","0","2024.09.22-21.20.11","Receive","ConcertAdmin_ServerDiscoveredEvent","CB47B14C4D49581DFB2F3D87212EDADC","5C26F9104F38DEEE683AF899DBB59F6A","None","0",""
"3743","F4C12C6743D1A11E657D7EB779F22EA2","","0","2024.09.22-21.20.11","Process","ConcertAdmin_ServerDiscoveredEvent","CB47B14C4D49581DFB2F3D87212EDADC","5C26F9104F38DEEE683AF899DBB59F6A","None","0",""
"3746","480052DE48DE0D3DCE10CE99B6F46B98","41","1","2024.09.22-21.20.11","Send","ConcertAdmin_GetLiveSessionsRequest","5C26F9104F38DEEE683AF899DBB59F6A","CB47B14C4D49581DFB2F3D87212EDADC","None","0",""
"3746","CAF591CA47AE86A80CE74182F326EB97","42","1","2024.09.22-21.20.11","Send","ConcertAdmin_GetArchivedSessionsRequest","5C26F9104F38DEEE683AF899DBB59F6A","CB47B14C4D49581DFB2F3D87212EDADC","None","0",""
"3749","7DEB6C994CE6103D93557F9A9A612090","41","1","2024.09.22-21.20.11","Receive","ConcertAdmin_GetSessionsResponse","CB47B14C4D49581DFB2F3D87212EDADC","5C26F9104F38DEEE683AF899DBB59F6A","None","0",""
"3749","09FC72824EE37B3F549B2EB1916A2FAE","42","1","2024.09.22-21.20.11","Receive","ConcertAdmin_GetSessionsResponse","CB47B14C4D49581DFB2F3D87212EDADC","5C26F9104F38DEEE683AF899DBB59F6A","None","0",""
"3749","371BA48547B2414A96AB93A80276D06C","","0","2024.09.22-21.20.11","Receive","ConcertAckData","CB47B14C4D49581DFB2F3D87212EDADC","5C26F9104F38DEEE683AF899DBB59F6A","None","0",""
"3749","7DEB6C994CE6103D93557F9A9A612090","41","1","2024.09.22-21.20.11","Process","ConcertAdmin_GetSessionsResponse","CB47B14C4D49581DFB2F3D87212EDADC","5C26F9104F38DEEE683AF899DBB59F6A","None","0",""
"3749","09FC72824EE37B3F549B2EB1916A2FAE","42","1","2024.09.22-21.20.11","Process","ConcertAdmin_GetSessionsResponse","CB47B14C4D49581DFB2F3D87212EDADC","5C26F9104F38DEEE683AF899DBB59F6A","None","0",""
"3749","371BA48547B2414A96AB93A80276D06C","","0","2024.09.22-21.20.11","Process","ConcertAckData","CB47B14C4D49581DFB2F3D87212EDADC","5C26F9104F38DEEE683AF899DBB59F6A","None","0",""
"3749","98FA1A9844297DF7CD75BAA3355E724B","","0","2024.09.22-21.20.11","Send","ConcertAckData","5C26F9104F38DEEE683AF899DBB59F6A","CB47B14C4D49581DFB2F3D87212EDADC","None","0",""
"3858","A6180E894AE4487E03FC04B2827FFD6C","","0","2024.09.22-21.20.12","Publish","ConcertAdmin_DiscoverServersEvent","5C26F9104F38DEEE683AF899DBB59F6A","00000000000000000000000000000000","None","0",""
"3860","EA70A907463CF35E0498FF98D080E9F0","","0","2024.09.22-21.20.12","Receive","ConcertAdmin_ServerDiscoveredEvent","CB47B14C4D49581DFB2F3D87212EDADC","5C26F9104F38DEEE683AF899DBB59F6A","None","0",""
"3860","EA70A907463CF35E0498FF98D080E9F0","","0","2024.09.22-21.20.12","Process","ConcertAdmin_ServerDiscoveredEvent","CB47B14C4D49581DFB2F3D87212EDADC","5C26F9104F38DEEE683AF899DBB59F6A","None","0",""
"3862","B7B2F5D04018E64F7186B3ADE41FBCF2","43","1","2024.09.22-21.20.12","Send","ConcertAdmin_GetLiveSessionsRequest","5C26F9104F38DEEE683AF899DBB59F6A","CB47B14C4D49581DFB2F3D87212EDADC","None","0",""
"3862","AF301EE4496F250F5D897E901114FDA7","44","1","2024.09.22-21.20.12","Send","ConcertAdmin_GetArchivedSessionsRequest","5C26F9104F38DEEE683AF899DBB59F6A","CB47B14C4D49581DFB2F3D87212EDADC","None","0",""
"3866","DC327E0C445CBD4B15AD70AF7AC2AC95","43","1","2024.09.22-21.20.13","Receive","ConcertAdmin_GetSessionsResponse","CB47B14C4D49581DFB2F3D87212EDADC","5C26F9104F38DEEE683AF899DBB59F6A","None","0",""
"3866","D2CFC33C4013ACBD062EA1B1AB7AF821","44","1","2024.09.22-21.20.13","Receive","ConcertAdmin_GetSessionsResponse","CB47B14C4D49581DFB2F3D87212EDADC","5C26F9104F38DEEE683AF899DBB59F6A","None","0",""
"3866","DE4039424A0DD653085A8D9526C49126","","0","2024.09.22-21.20.13","Receive","ConcertAckData","CB47B14C4D49581DFB2F3D87212EDADC","5C26F9104F38DEEE683AF899DBB59F6A","None","0",""
"3866","DC327E0C445CBD4B15AD70AF7AC2AC95","43","1","2024.09.22-21.20.13","Process","ConcertAdmin_GetSessionsResponse","CB47B14C4D49581DFB2F3D87212EDADC","5C26F9104F38DEEE683AF899DBB59F6A","None","0",""
"3866","D2CFC33C4013ACBD062EA1B1AB7AF821","44","1","2024.09.22-21.20.13","Process","ConcertAdmin_GetSessionsResponse","CB47B14C4D49581DFB2F3D87212EDADC","5C26F9104F38DEEE683AF899DBB59F6A","None","0",""
"3866","DE4039424A0DD653085A8D9526C49126","","0","2024.09.22-21.20.13","Process","ConcertAckData","CB47B14C4D49581DFB2F3D87212EDADC","5C26F9104F38DEEE683AF899DBB59F6A","None","0",""
"3866","C75387844F42A35AB419CD9510D36A30","","0","2024.09.22-21.20.13","Send","ConcertAckData","5C26F9104F38DEEE683AF899DBB59F6A","CB47B14C4D49581DFB2F3D87212EDADC","None","0",""
"3972","5F303BF64E1F490BAE280988BEB66481","","0","2024.09.22-21.20.13","Publish","ConcertAdmin_DiscoverServersEvent","5C26F9104F38DEEE683AF899DBB59F6A","00000000000000000000000000000000","None","0",""
"3974","4D50D9C94B9B38BF12FC8AA8B800A8E7","","0","2024.09.22-21.20.13","Receive","ConcertAdmin_ServerDiscoveredEvent","CB47B14C4D49581DFB2F3D87212EDADC","5C26F9104F38DEEE683AF899DBB59F6A","None","0",""
"3974","4D50D9C94B9B38BF12FC8AA8B800A8E7","","0","2024.09.22-21.20.13","Process","ConcertAdmin_ServerDiscoveredEvent","CB47B14C4D49581DFB2F3D87212EDADC","5C26F9104F38DEEE683AF899DBB59F6A","None","0",""
"3976","8744D4FD449321D6B0BD84B28809C864","45","1","2024.09.22-21.20.13","Send","ConcertAdmin_GetLiveSessionsRequest","5C26F9104F38DEEE683AF899DBB59F6A","CB47B14C4D49581DFB2F3D87212EDADC","None","0",""
"3976","513F1C66484D49EEF392B38218661533","46","1","2024.09.22-21.20.13","Send","ConcertAdmin_GetArchivedSessionsRequest","5C26F9104F38DEEE683AF899DBB59F6A","CB47B14C4D49581DFB2F3D87212EDADC","None","0",""
"3978","375748214F097C601E07C6B27F0D8FF3","45","1","2024.09.22-21.20.13","Receive","ConcertAdmin_GetSessionsResponse","CB47B14C4D49581DFB2F3D87212EDADC","5C26F9104F38DEEE683AF899DBB59F6A","None","0",""
"3978","F80147CA48C19DE63D07ECB2C31EF6AE","46","1","2024.09.22-21.20.13","Receive","ConcertAdmin_GetSessionsResponse","CB47B14C4D49581DFB2F3D87212EDADC","5C26F9104F38DEEE683AF899DBB59F6A","None","0",""
"3978","53258C5340BFE548629F20A394B2FFC0","","0","2024.09.22-21.20.13","Receive","ConcertAckData","CB47B14C4D49581DFB2F3D87212EDADC","5C26F9104F38DEEE683AF899DBB59F6A","None","0",""
"3978","375748214F097C601E07C6B27F0D8FF3","45","1","2024.09.22-21.20.13","Process","ConcertAdmin_GetSessionsResponse","CB47B14C4D49581DFB2F3D87212EDADC","5C26F9104F38DEEE683AF899DBB59F6A","None","0",""
"3978","F80147CA48C19DE63D07ECB2C31EF6AE","46","1","2024.09.22-21.20.13","Process","ConcertAdmin_GetSessionsResponse","CB47B14C4D49581DFB2F3D87212EDADC","5C26F9104F38DEEE683AF899DBB59F6A","None","0",""
"3978","53258C5340BFE548629F20A394B2FFC0","","0","2024.09.22-21.20.13","Process","ConcertAckData","CB47B14C4D49581DFB2F3D87212EDADC","5C26F9104F38DEEE683AF899DBB59F6A","None","0",""
"3978","1704D727465CD2CD77E8BB9DE158270F","","0","2024.09.22-21.20.13","Send","ConcertAckData","5C26F9104F38DEEE683AF899DBB59F6A","CB47B14C4D49581DFB2F3D87212EDADC","None","0",""
"3982","BF6817F34533EBC19BD07C8AE98318D2","47","1","2024.09.22-21.20.14","Send","ConcertAdmin_GetLiveSessionsRequest","5C26F9104F38DEEE683AF899DBB59F6A","CB47B14C4D49581DFB2F3D87212EDADC","None","0",""
"3982","0A32BE5640F01275CB06B19AA3516BEC","48","1","2024.09.22-21.20.14","Send","ConcertAdmin_GetArchivedSessionsRequest","5C26F9104F38DEEE683AF899DBB59F6A","CB47B14C4D49581DFB2F3D87212EDADC","None","0",""
"3982","85E8B49A4FAC6D0ED9746FB28E238BB8","","0","2024.09.22-21.20.14","Publish","ConcertAdmin_DiscoverServersEvent","5C26F9104F38DEEE683AF899DBB59F6A","00000000000000000000000000000000","None","0",""
"3984","A94A76194B6352750635EE914B4C797A","47","1","2024.09.22-21.20.15","Receive","ConcertAdmin_GetSessionsResponse","CB47B14C4D49581DFB2F3D87212EDADC","5C26F9104F38DEEE683AF899DBB59F6A","None","0",""
"3984","719EBE254A5F0AE0432980A5C52DB41A","","0","2024.09.22-21.20.15","Receive","ConcertAdmin_ServerDiscoveredEvent","CB47B14C4D49581DFB2F3D87212EDADC","5C26F9104F38DEEE683AF899DBB59F6A","None","0",""
"3984","93EACA0D48D68782D4BBFAA62A9C333B","","0","2024.09.22-21.20.15","Receive","ConcertAckData","CB47B14C4D49581DFB2F3D87212EDADC","5C26F9104F38DEEE683AF899DBB59F6A","None","0",""
"3984","E858FD1F4814788093739DB5539FE4DB","48","1","2024.09.22-21.20.15","Receive","ConcertAdmin_GetSessionsResponse","CB47B14C4D49581DFB2F3D87212EDADC","5C26F9104F38DEEE683AF899DBB59F6A","None","0",""
"3984","A94A76194B6352750635EE914B4C797A","47","1","2024.09.22-21.20.15","Process","ConcertAdmin_GetSessionsResponse","CB47B14C4D49581DFB2F3D87212EDADC","5C26F9104F38DEEE683AF899DBB59F6A","None","0",""
"3984","719EBE254A5F0AE0432980A5C52DB41A","","0","2024.09.22-21.20.15","Process","ConcertAdmin_ServerDiscoveredEvent","CB47B14C4D49581DFB2F3D87212EDADC","5C26F9104F38DEEE683AF899DBB59F6A","None","0",""
"3984","93EACA0D48D68782D4BBFAA62A9C333B","","0","2024.09.22-21.20.15","Process","ConcertAckData","CB47B14C4D49581DFB2F3D87212EDADC","5C26F9104F38DEEE683AF899DBB59F6A","None","0",""
"3984","E858FD1F4814788093739DB5539FE4DB","48","1","2024.09.22-21.20.15","Process","ConcertAdmin_GetSessionsResponse","CB47B14C4D49581DFB2F3D87212EDADC","5C26F9104F38DEEE683AF899DBB59F6A","None","0",""
"3984","DF29F4584069658870C87C8D58344433","","0","2024.09.22-21.20.15","Send","ConcertAckData","5C26F9104F38DEEE683AF899DBB59F6A","CB47B14C4D49581DFB2F3D87212EDADC","None","0",""
"4095","19E880F94246D057673ACFB6A82E8D7F","49","1","2024.09.22-21.20.15","Send","ConcertAdmin_GetLiveSessionsRequest","5C26F9104F38DEEE683AF899DBB59F6A","CB47B14C4D49581DFB2F3D87212EDADC","None","0",""
"4095","EB07F9EF4912C223988A8BAABF26FA78","50","1","2024.09.22-21.20.15","Send","ConcertAdmin_GetArchivedSessionsRequest","5C26F9104F38DEEE683AF899DBB59F6A","CB47B14C4D49581DFB2F3D87212EDADC","None","0",""
"4097","5130EDE34617BB0335EB7587FB6EA811","49","1","2024.09.22-21.20.16","Receive","ConcertAdmin_GetSessionsResponse","CB47B14C4D49581DFB2F3D87212EDADC","5C26F9104F38DEEE683AF899DBB59F6A","None","0",""
"4097","9A72B0564869724861EDBAA83E15AF5B","50","1","2024.09.22-21.20.16","Receive","ConcertAdmin_GetSessionsResponse","CB47B14C4D49581DFB2F3D87212EDADC","5C26F9104F38DEEE683AF899DBB59F6A","None","0",""
"4097","38EA370C40DBD077A71C3B85759E6F84","","0","2024.09.22-21.20.16","Receive","ConcertAckData","CB47B14C4D49581DFB2F3D87212EDADC","5C26F9104F38DEEE683AF899DBB59F6A","None","0",""
"4097","5130EDE34617BB0335EB7587FB6EA811","49","1","2024.09.22-21.20.16","Process","ConcertAdmin_GetSessionsResponse","CB47B14C4D49581DFB2F3D87212EDADC","5C26F9104F38DEEE683AF899DBB59F6A","None","0",""
"4097","9A72B0564869724861EDBAA83E15AF5B","50","1","2024.09.22-21.20.16","Process","ConcertAdmin_GetSessionsResponse","CB47B14C4D49581DFB2F3D87212EDADC","5C26F9104F38DEEE683AF899DBB59F6A","None","0",""
"4097","38EA370C40DBD077A71C3B85759E6F84","","0","2024.09.22-21.20.16","Process","ConcertAckData","CB47B14C4D49581DFB2F3D87212EDADC","5C26F9104F38DEEE683AF899DBB59F6A","None","0",""
"4097","2C75C4BA4C104C6B93FD669352E608AB","","0","2024.09.22-21.20.16","Send","ConcertAckData","5C26F9104F38DEEE683AF899DBB59F6A","CB47B14C4D49581DFB2F3D87212EDADC","None","0",""
"4097","EA897E194860383CDA4524B616E8CEE1","","0","2024.09.22-21.20.16","Publish","ConcertAdmin_DiscoverServersEvent","5C26F9104F38DEEE683AF899DBB59F6A","00000000000000000000000000000000","None","0",""
"4101","8FAAF074473378045A044DA01BF5FDF3","","0","2024.09.22-21.20.16","Receive","ConcertAdmin_ServerDiscoveredEvent","CB47B14C4D49581DFB2F3D87212EDADC","5C26F9104F38DEEE683AF899DBB59F6A","None","0",""
"4101","8FAAF074473378045A044DA01BF5FDF3","","0","2024.09.22-21.20.16","Process","ConcertAdmin_ServerDiscoveredEvent","CB47B14C4D49581DFB2F3D87212EDADC","5C26F9104F38DEEE683AF899DBB59F6A","None","0",""
"4210","8A776FCD4EA90E92DEEB51B6431109F8","51","1","2024.09.22-21.20.16","Send","ConcertAdmin_GetLiveSessionsRequest","5C26F9104F38DEEE683AF899DBB59F6A","CB47B14C4D49581DFB2F3D87212EDADC","None","0",""
"4210","FFBFADC646B32EBB9B64EEAC00A0EA02","52","1","2024.09.22-21.20.16","Send","ConcertAdmin_GetArchivedSessionsRequest","5C26F9104F38DEEE683AF899DBB59F6A","CB47B14C4D49581DFB2F3D87212EDADC","None","0",""
"4213","82117F7E41D523A86E005F916513B7CC","51","1","2024.09.22-21.20.17","Receive","ConcertAdmin_GetSessionsResponse","CB47B14C4D49581DFB2F3D87212EDADC","5C26F9104F38DEEE683AF899DBB59F6A","None","0",""
"4213","D68E34364DA663537FE9CA8175DE98E3","52","1","2024.09.22-21.20.17","Receive","ConcertAdmin_GetSessionsResponse","CB47B14C4D49581DFB2F3D87212EDADC","5C26F9104F38DEEE683AF899DBB59F6A","None","0",""
"4213","D2E05DD74F3CE4DD316EA68D9E291171","","0","2024.09.22-21.20.17","Receive","ConcertAckData","CB47B14C4D49581DFB2F3D87212EDADC","5C26F9104F38DEEE683AF899DBB59F6A","None","0",""
"4213","82117F7E41D523A86E005F916513B7CC","51","1","2024.09.22-21.20.17","Process","ConcertAdmin_GetSessionsResponse","CB47B14C4D49581DFB2F3D87212EDADC","5C26F9104F38DEEE683AF899DBB59F6A","None","0",""
"4213","D68E34364DA663537FE9CA8175DE98E3","52","1","2024.09.22-21.20.17","Process","ConcertAdmin_GetSessionsResponse","CB47B14C4D49581DFB2F3D87212EDADC","5C26F9104F38DEEE683AF899DBB59F6A","None","0",""
"4213","D2E05DD74F3CE4DD316EA68D9E291171","","0","2024.09.22-21.20.17","Process","ConcertAckData","CB47B14C4D49581DFB2F3D87212EDADC","5C26F9104F38DEEE683AF899DBB59F6A","None","0",""
"4213","E9CB27D24B4020BE128E4BB0186D6007","","0","2024.09.22-21.20.17","Send","ConcertAckData","5C26F9104F38DEEE683AF899DBB59F6A","CB47B14C4D49581DFB2F3D87212EDADC","None","0",""
"4213","1606EC814918F915E7078C9E9AF39474","","0","2024.09.22-21.20.17","Publish","ConcertAdmin_DiscoverServersEvent","5C26F9104F38DEEE683AF899DBB59F6A","00000000000000000000000000000000","None","0",""
"4216","9B9C0B0D49597AEF797D87938C8328F5","","0","2024.09.22-21.20.17","Receive","ConcertAdmin_ServerDiscoveredEvent","CB47B14C4D49581DFB2F3D87212EDADC","5C26F9104F38DEEE683AF899DBB59F6A","None","0",""
"4216","9B9C0B0D49597AEF797D87938C8328F5","","0","2024.09.22-21.20.17","Process","ConcertAdmin_ServerDiscoveredEvent","CB47B14C4D49581DFB2F3D87212EDADC","5C26F9104F38DEEE683AF899DBB59F6A","None","0",""
"4327","4A3764D14588ABBD1C54F9A7346CFE66","53","1","2024.09.22-21.20.17","Send","ConcertAdmin_GetLiveSessionsRequest","5C26F9104F38DEEE683AF899DBB59F6A","CB47B14C4D49581DFB2F3D87212EDADC","None","0",""
"4327","76CE795A4E6E9F74B939CD9FB1CB4888","54","1","2024.09.22-21.20.17","Send","ConcertAdmin_GetArchivedSessionsRequest","5C26F9104F38DEEE683AF899DBB59F6A","CB47B14C4D49581DFB2F3D87212EDADC","None","0",""
"4329","C4F3A94848FE28469441E2865896A33C","53","1","2024.09.22-21.20.17","Receive","ConcertAdmin_GetSessionsResponse","CB47B14C4D49581DFB2F3D87212EDADC","5C26F9104F38DEEE683AF899DBB59F6A","None","0",""
"4329","175FC80C4F535EE4DD491AA4738379C6","54","1","2024.09.22-21.20.17","Receive","ConcertAdmin_GetSessionsResponse","CB47B14C4D49581DFB2F3D87212EDADC","5C26F9104F38DEEE683AF899DBB59F6A","None","0",""
"4329","0118C4B746DF06F9E1DA8A8E12AC6CB2","","0","2024.09.22-21.20.17","Receive","ConcertAckData","CB47B14C4D49581DFB2F3D87212EDADC","5C26F9104F38DEEE683AF899DBB59F6A","None","0",""
"4329","C4F3A94848FE28469441E2865896A33C","53","1","2024.09.22-21.20.17","Process","ConcertAdmin_GetSessionsResponse","CB47B14C4D49581DFB2F3D87212EDADC","5C26F9104F38DEEE683AF899DBB59F6A","None","0",""
"4329","175FC80C4F535EE4DD491AA4738379C6","54","1","2024.09.22-21.20.17","Process","ConcertAdmin_GetSessionsResponse","CB47B14C4D49581DFB2F3D87212EDADC","5C26F9104F38DEEE683AF899DBB59F6A","None","0",""
"4329","0118C4B746DF06F9E1DA8A8E12AC6CB2","","0","2024.09.22-21.20.17","Process","ConcertAckData","CB47B14C4D49581DFB2F3D87212EDADC","5C26F9104F38DEEE683AF899DBB59F6A","None","0",""
"4329","3724EAD64985037851DF9483ADD06BC3","","0","2024.09.22-21.20.17","Send","ConcertAckData","5C26F9104F38DEEE683AF899DBB59F6A","CB47B14C4D49581DFB2F3D87212EDADC","None","0",""
"4330","2E35439C41889B68DA8F34A2EEA8F212","","0","2024.09.22-21.20.18","Publish","ConcertAdmin_DiscoverServersEvent","5C26F9104F38DEEE683AF899DBB59F6A","00000000000000000000000000000000","None","0",""
"4333","5A4D5EDB46EADBB6A89D80A5EBED6128","","0","2024.09.22-21.20.18","Receive","ConcertAdmin_ServerDiscoveredEvent","CB47B14C4D49581DFB2F3D87212EDADC","5C26F9104F38DEEE683AF899DBB59F6A","None","0",""
"4333","5A4D5EDB46EADBB6A89D80A5EBED6128","","0","2024.09.22-21.20.18","Process","ConcertAdmin_ServerDiscoveredEvent","CB47B14C4D49581DFB2F3D87212EDADC","5C26F9104F38DEEE683AF899DBB59F6A","None","0",""
"4444","2E1A43B948650188336352B065D2EF0D","55","1","2024.09.22-21.20.18","Send","ConcertAdmin_GetLiveSessionsRequest","5C26F9104F38DEEE683AF899DBB59F6A","CB47B14C4D49581DFB2F3D87212EDADC","None","0",""
"4444","2CBFB3E4455F964803C206897BA2EDA8","56","1","2024.09.22-21.20.18","Send","ConcertAdmin_GetArchivedSessionsRequest","5C26F9104F38DEEE683AF899DBB59F6A","CB47B14C4D49581DFB2F3D87212EDADC","None","0",""
"4445","F4FC43684CB982D9A7ECF5A4F4A2585D","55","1","2024.09.22-21.20.18","Receive","ConcertAdmin_GetSessionsResponse","CB47B14C4D49581DFB2F3D87212EDADC","5C26F9104F38DEEE683AF899DBB59F6A","None","0",""
"4445","96B4482A4A9E3EF08A720187171D34BD","56","1","2024.09.22-21.20.18","Receive","ConcertAdmin_GetSessionsResponse","CB47B14C4D49581DFB2F3D87212EDADC","5C26F9104F38DEEE683AF899DBB59F6A","None","0",""
"4445","C889C76B4C7AF1EFFC296285AFDA0198","","0","2024.09.22-21.20.18","Receive","ConcertAckData","CB47B14C4D49581DFB2F3D87212EDADC","5C26F9104F38DEEE683AF899DBB59F6A","None","0",""
"4445","F4FC43684CB982D9A7ECF5A4F4A2585D","55","1","2024.09.22-21.20.18","Process","ConcertAdmin_GetSessionsResponse","CB47B14C4D49581DFB2F3D87212EDADC","5C26F9104F38DEEE683AF899DBB59F6A","None","0",""
"4445","96B4482A4A9E3EF08A720187171D34BD","56","1","2024.09.22-21.20.18","Process","ConcertAdmin_GetSessionsResponse","CB47B14C4D49581DFB2F3D87212EDADC","5C26F9104F38DEEE683AF899DBB59F6A","None","0",""
"4445","C889C76B4C7AF1EFFC296285AFDA0198","","0","2024.09.22-21.20.18","Process","ConcertAckData","CB47B14C4D49581DFB2F3D87212EDADC","5C26F9104F38DEEE683AF899DBB59F6A","None","0",""
"4445","D82EAFEB4E8CFFE42043BDA6BDD33FF1","","0","2024.09.22-21.20.18","Send","ConcertAckData","5C26F9104F38DEEE683AF899DBB59F6A","CB47B14C4D49581DFB2F3D87212EDADC","None","0",""
"4448","2DA5EC3B4D4A3F806F1C6D8EB83FB89F","","0","2024.09.22-21.20.19","Publish","ConcertAdmin_DiscoverServersEvent","5C26F9104F38DEEE683AF899DBB59F6A","00000000000000000000000000000000","None","0",""
"4450","4A1E985F4B2B0D249287809F7907D434","","0","2024.09.22-21.20.19","Receive","ConcertAdmin_ServerDiscoveredEvent","CB47B14C4D49581DFB2F3D87212EDADC","5C26F9104F38DEEE683AF899DBB59F6A","None","0",""
"4450","4A1E985F4B2B0D249287809F7907D434","","0","2024.09.22-21.20.19","Process","ConcertAdmin_ServerDiscoveredEvent","CB47B14C4D49581DFB2F3D87212EDADC","5C26F9104F38DEEE683AF899DBB59F6A","None","0",""
"4561","0CC3F74540FAE6DD502D7C8FC77967E8","57","1","2024.09.22-21.20.19","Send","ConcertAdmin_GetLiveSessionsRequest","5C26F9104F38DEEE683AF899DBB59F6A","CB47B14C4D49581DFB2F3D87212EDADC","None","0",""
"4561","DE82BAFB499D48B104B72BA2B093CB45","58","1","2024.09.22-21.20.19","Send","ConcertAdmin_GetArchivedSessionsRequest","5C26F9104F38DEEE683AF899DBB59F6A","CB47B14C4D49581DFB2F3D87212EDADC","None","0",""
"4562","632D775F47901E86F79A34839FC183DF","57","1","2024.09.22-21.20.19","Receive","ConcertAdmin_GetSessionsResponse","CB47B14C4D49581DFB2F3D87212EDADC","5C26F9104F38DEEE683AF899DBB59F6A","None","0",""
"4562","FCF632D441D7B2B671A8AA9EF0682CB7","58","1","2024.09.22-21.20.19","Receive","ConcertAdmin_GetSessionsResponse","CB47B14C4D49581DFB2F3D87212EDADC","5C26F9104F38DEEE683AF899DBB59F6A","None","0",""
"4562","5444484248303528251F78A29AB13436","","0","2024.09.22-21.20.19","Receive","ConcertAckData","CB47B14C4D49581DFB2F3D87212EDADC","5C26F9104F38DEEE683AF899DBB59F6A","None","0",""
"4562","632D775F47901E86F79A34839FC183DF","57","1","2024.09.22-21.20.19","Process","ConcertAdmin_GetSessionsResponse","CB47B14C4D49581DFB2F3D87212EDADC","5C26F9104F38DEEE683AF899DBB59F6A","None","0",""
"4562","FCF632D441D7B2B671A8AA9EF0682CB7","58","1","2024.09.22-21.20.19","Process","ConcertAdmin_GetSessionsResponse","CB47B14C4D49581DFB2F3D87212EDADC","5C26F9104F38DEEE683AF899DBB59F6A","None","0",""
"4562","5444484248303528251F78A29AB13436","","0","2024.09.22-21.20.19","Process","ConcertAckData","CB47B14C4D49581DFB2F3D87212EDADC","5C26F9104F38DEEE683AF899DBB59F6A","None","0",""
"4562","563CBFEE427FFA1AE11186B556BE1540","","0","2024.09.22-21.20.19","Send","ConcertAckData","5C26F9104F38DEEE683AF899DBB59F6A","CB47B14C4D49581DFB2F3D87212EDADC","None","0",""
"4565","6D4D5EB244E228D49C04209388B3FE21","","0","2024.09.22-21.20.20","Publish","ConcertAdmin_DiscoverServersEvent","5C26F9104F38DEEE683AF899DBB59F6A","00000000000000000000000000000000","None","0",""
"4569","5FC245DF48108120A820849AAEEECF3F","","0","2024.09.22-21.20.20","Receive","ConcertAdmin_ServerDiscoveredEvent","CB47B14C4D49581DFB2F3D87212EDADC","5C26F9104F38DEEE683AF899DBB59F6A","None","0",""
"4569","5FC245DF48108120A820849AAEEECF3F","","0","2024.09.22-21.20.20","Process","ConcertAdmin_ServerDiscoveredEvent","CB47B14C4D49581DFB2F3D87212EDADC","5C26F9104F38DEEE683AF899DBB59F6A","None","0",""
"4677","59A7AC01401BEED41ECDFE97FFCCE9D6","59","1","2024.09.22-21.20.20","Send","ConcertAdmin_GetLiveSessionsRequest","5C26F9104F38DEEE683AF899DBB59F6A","CB47B14C4D49581DFB2F3D87212EDADC","None","0",""
"4677","D9831CC94D84561ED86A89A5A6D2BEE9","60","1","2024.09.22-21.20.20","Send","ConcertAdmin_GetArchivedSessionsRequest","5C26F9104F38DEEE683AF899DBB59F6A","CB47B14C4D49581DFB2F3D87212EDADC","None","0",""
"4678","437FA8364D7991DB0094DFB745BF2567","59","1","2024.09.22-21.20.20","Receive","ConcertAdmin_GetSessionsResponse","CB47B14C4D49581DFB2F3D87212EDADC","5C26F9104F38DEEE683AF899DBB59F6A","None","0",""
"4678","073319494EDBADB93192C392B9DC4D19","60","1","2024.09.22-21.20.20","Receive","ConcertAdmin_GetSessionsResponse","CB47B14C4D49581DFB2F3D87212EDADC","5C26F9104F38DEEE683AF899DBB59F6A","None","0",""
"4678","C62B78574F5A61E91F1F21BC6FD9A919","","0","2024.09.22-21.20.20","Receive","ConcertAckData","CB47B14C4D49581DFB2F3D87212EDADC","5C26F9104F38DEEE683AF899DBB59F6A","None","0",""
"4678","437FA8364D7991DB0094DFB745BF2567","59","1","2024.09.22-21.20.20","Process","ConcertAdmin_GetSessionsResponse","CB47B14C4D49581DFB2F3D87212EDADC","5C26F9104F38DEEE683AF899DBB59F6A","None","0",""
"4678","073319494EDBADB93192C392B9DC4D19","60","1","2024.09.22-21.20.20","Process","ConcertAdmin_GetSessionsResponse","CB47B14C4D49581DFB2F3D87212EDADC","5C26F9104F38DEEE683AF899DBB59F6A","None","0",""
"4678","C62B78574F5A61E91F1F21BC6FD9A919","","0","2024.09.22-21.20.20","Process","ConcertAckData","CB47B14C4D49581DFB2F3D87212EDADC","5C26F9104F38DEEE683AF899DBB59F6A","None","0",""
"4678","1E98C7E04F57F95BE1299BA101B19484","","0","2024.09.22-21.20.20","Send","ConcertAckData","5C26F9104F38DEEE683AF899DBB59F6A","CB47B14C4D49581DFB2F3D87212EDADC","None","0",""
"4681","9D08AB744FB19D388F5C80A721DA1A09","","0","2024.09.22-21.20.21","Publish","ConcertAdmin_DiscoverServersEvent","5C26F9104F38DEEE683AF899DBB59F6A","00000000000000000000000000000000","None","0",""
"4684","E1E1AB644DB09181D2F710B73D56428E","","0","2024.09.22-21.20.21","Receive","ConcertAdmin_ServerDiscoveredEvent","CB47B14C4D49581DFB2F3D87212EDADC","5C26F9104F38DEEE683AF899DBB59F6A","None","0",""
"4684","E1E1AB644DB09181D2F710B73D56428E","","0","2024.09.22-21.20.21","Process","ConcertAdmin_ServerDiscoveredEvent","CB47B14C4D49581DFB2F3D87212EDADC","5C26F9104F38DEEE683AF899DBB59F6A","None","0",""
"4794","C90D09114A3FE614EC80869CD7008EA2","61","1","2024.09.22-21.20.21","Send","ConcertAdmin_GetLiveSessionsRequest","5C26F9104F38DEEE683AF899DBB59F6A","CB47B14C4D49581DFB2F3D87212EDADC","None","0",""
"4794","9741600246A6EFA1E5CE918DD3CF3813","62","1","2024.09.22-21.20.21","Send","ConcertAdmin_GetArchivedSessionsRequest","5C26F9104F38DEEE683AF899DBB59F6A","CB47B14C4D49581DFB2F3D87212EDADC","None","0",""
"4795","13948F674E6A7371A23CD28C4D44D60D","61","1","2024.09.22-21.20.21","Receive","ConcertAdmin_GetSessionsResponse","CB47B14C4D49581DFB2F3D87212EDADC","5C26F9104F38DEEE683AF899DBB59F6A","None","0",""
"4795","D36C6B8E42F1A2CA0AB3DC8B9CFC8A12","62","1","2024.09.22-21.20.21","Receive","ConcertAdmin_GetSessionsResponse","CB47B14C4D49581DFB2F3D87212EDADC","5C26F9104F38DEEE683AF899DBB59F6A","None","0",""
"4795","2893C8CF4C6DB1A3E3251DAD555E6B32","","0","2024.09.22-21.20.21","Receive","ConcertAckData","CB47B14C4D49581DFB2F3D87212EDADC","5C26F9104F38DEEE683AF899DBB59F6A","None","0",""
"4795","13948F674E6A7371A23CD28C4D44D60D","61","1","2024.09.22-21.20.21","Process","ConcertAdmin_GetSessionsResponse","CB47B14C4D49581DFB2F3D87212EDADC","5C26F9104F38DEEE683AF899DBB59F6A","None","0",""
"4795","D36C6B8E42F1A2CA0AB3DC8B9CFC8A12","62","1","2024.09.22-21.20.21","Process","ConcertAdmin_GetSessionsResponse","CB47B14C4D49581DFB2F3D87212EDADC","5C26F9104F38DEEE683AF899DBB59F6A","None","0",""
"4795","2893C8CF4C6DB1A3E3251DAD555E6B32","","0","2024.09.22-21.20.21","Process","ConcertAckData","CB47B14C4D49581DFB2F3D87212EDADC","5C26F9104F38DEEE683AF899DBB59F6A","None","0",""
"4795","2C6BBE1F4061F966E07CB3BE6D30466C","","0","2024.09.22-21.20.21","Send","ConcertAckData","5C26F9104F38DEEE683AF899DBB59F6A","CB47B14C4D49581DFB2F3D87212EDADC","None","0",""
"4799","02CDE33A432396E55349E38B3B5FEC97","","0","2024.09.22-21.20.22","Publish","ConcertAdmin_DiscoverServersEvent","5C26F9104F38DEEE683AF899DBB59F6A","00000000000000000000000000000000","None","0",""
"4803","DAE2755F48D7EF846E4067A204CECD51","","0","2024.09.22-21.20.22","Receive","ConcertAdmin_ServerDiscoveredEvent","CB47B14C4D49581DFB2F3D87212EDADC","5C26F9104F38DEEE683AF899DBB59F6A","None","0",""
"4803","DAE2755F48D7EF846E4067A204CECD51","","0","2024.09.22-21.20.22","Process","ConcertAdmin_ServerDiscoveredEvent","CB47B14C4D49581DFB2F3D87212EDADC","5C26F9104F38DEEE683AF899DBB59F6A","None","0",""
"4911","06F82FF74A677C41DB547D96AF64ED98","63","1","2024.09.22-21.20.22","Send","ConcertAdmin_GetLiveSessionsRequest","5C26F9104F38DEEE683AF899DBB59F6A","CB47B14C4D49581DFB2F3D87212EDADC","None","0",""
"4911","625D800F40C81253A60805A138FBB9B6","64","1","2024.09.22-21.20.22","Send","ConcertAdmin_GetArchivedSessionsRequest","5C26F9104F38DEEE683AF899DBB59F6A","CB47B14C4D49581DFB2F3D87212EDADC","None","0",""
"4912","0B1C188A499E5CD8988C1EBF3C3C5064","63","1","2024.09.22-21.20.22","Receive","ConcertAdmin_GetSessionsResponse","CB47B14C4D49581DFB2F3D87212EDADC","5C26F9104F38DEEE683AF899DBB59F6A","None","0",""
"4912","01CE73B442E8D7ADCD10EE9AE07714E3","64","1","2024.09.22-21.20.22","Receive","ConcertAdmin_GetSessionsResponse","CB47B14C4D49581DFB2F3D87212EDADC","5C26F9104F38DEEE683AF899DBB59F6A","None","0",""
"4912","DFD6834C43868BD75F937AAF62D99602","","0","2024.09.22-21.20.22","Receive","ConcertAckData","CB47B14C4D49581DFB2F3D87212EDADC","5C26F9104F38DEEE683AF899DBB59F6A","None","0",""
"4912","0B1C188A499E5CD8988C1EBF3C3C5064","63","1","2024.09.22-21.20.22","Process","ConcertAdmin_GetSessionsResponse","CB47B14C4D49581DFB2F3D87212EDADC","5C26F9104F38DEEE683AF899DBB59F6A","None","0",""
"4912","01CE73B442E8D7ADCD10EE9AE07714E3","64","1","2024.09.22-21.20.22","Process","ConcertAdmin_GetSessionsResponse","CB47B14C4D49581DFB2F3D87212EDADC","5C26F9104F38DEEE683AF899DBB59F6A","None","0",""
"4912","DFD6834C43868BD75F937AAF62D99602","","0","2024.09.22-21.20.22","Process","ConcertAckData","CB47B14C4D49581DFB2F3D87212EDADC","5C26F9104F38DEEE683AF899DBB59F6A","None","0",""
"4912","752FF9064FF74104FF6606836F4CAE19","","0","2024.09.22-21.20.22","Send","ConcertAckData","5C26F9104F38DEEE683AF899DBB59F6A","CB47B14C4D49581DFB2F3D87212EDADC","None","0",""
"4916","689EE2034AD92F33F14307A9A7B0B250","","0","2024.09.22-21.20.23","Publish","ConcertAdmin_DiscoverServersEvent","5C26F9104F38DEEE683AF899DBB59F6A","00000000000000000000000000000000","None","0",""
"4922","1BAF4D824A93A910C27F5CB8FCEF67C3","","0","2024.09.22-21.20.23","Receive","ConcertAdmin_ServerDiscoveredEvent","CB47B14C4D49581DFB2F3D87212EDADC","5C26F9104F38DEEE683AF899DBB59F6A","None","0",""
"4922","1BAF4D824A93A910C27F5CB8FCEF67C3","","0","2024.09.22-21.20.23","Process","ConcertAdmin_ServerDiscoveredEvent","CB47B14C4D49581DFB2F3D87212EDADC","5C26F9104F38DEEE683AF899DBB59F6A","None","0",""
"4994","040FAC344D811D5962952FBBF5C4EA3D","65","1","2024.09.22-21.20.23","Send","ConcertAdmin_CreateSessionRequest","5C26F9104F38DEEE683AF899DBB59F6A","CB47B14C4D49581DFB2F3D87212EDADC","None","0",""
"5016","1C7C53CC44FDE326C0E9CD831AF40780","65","1","2024.09.22-21.20.23","Receive","ConcertAdmin_SessionInfoResponse","CB47B14C4D49581DFB2F3D87212EDADC","5C26F9104F38DEEE683AF899DBB59F6A","None","0",""
"5016","EAC20D9E4AD6B1C82E0430BDCE2C4E13","","0","2024.09.22-21.20.23","Receive","ConcertAckData","CB47B14C4D49581DFB2F3D87212EDADC","5C26F9104F38DEEE683AF899DBB59F6A","None","0",""
"5016","1C7C53CC44FDE326C0E9CD831AF40780","65","1","2024.09.22-21.20.23","Process","ConcertAdmin_SessionInfoResponse","CB47B14C4D49581DFB2F3D87212EDADC","5C26F9104F38DEEE683AF899DBB59F6A","None","0",""
"5016","EAC20D9E4AD6B1C82E0430BDCE2C4E13","","0","2024.09.22-21.20.23","Process","ConcertAckData","CB47B14C4D49581DFB2F3D87212EDADC","5C26F9104F38DEEE683AF899DBB59F6A","None","0",""
"5016","E275343446F4D32FE97E4D8BCA169B45","","0","2024.09.22-21.20.23","Send","ConcertAckData","5C26F9104F38DEEE683AF899DBB59F6A","CB47B14C4D49581DFB2F3D87212EDADC","None","0",""
"5017","8473796347C547290BC94B9ED23AA02F","66","1","2024.09.22-21.20.25","Send","ConcertAdmin_GetLiveSessionsRequest","5C26F9104F38DEEE683AF899DBB59F6A","CB47B14C4D49581DFB2F3D87212EDADC","None","0",""
"5017","14FE28DF47172018D18AA6A7B1D3392E","67","1","2024.09.22-21.20.25","Send","ConcertAdmin_GetArchivedSessionsRequest","5C26F9104F38DEEE683AF899DBB59F6A","CB47B14C4D49581DFB2F3D87212EDADC","None","0",""
"5017","C38F75A0451785EB351514A9013DE2B2","","0","2024.09.22-21.20.25","Publish","ConcertAdmin_DiscoverServersEvent","5C26F9104F38DEEE683AF899DBB59F6A","00000000000000000000000000000000","None","0",""
"5019","FFDC878B4F0056B6436B34B7081A9AA4","67","1","2024.09.22-21.20.25","Receive","ConcertAdmin_GetSessionsResponse","CB47B14C4D49581DFB2F3D87212EDADC","5C26F9104F38DEEE683AF899DBB59F6A","None","0",""
"5019","4E5CA0DD40158B7B9BB8BB995F5C1245","","0","2024.09.22-21.20.25","Receive","ConcertAdmin_ServerDiscoveredEvent","CB47B14C4D49581DFB2F3D87212EDADC","5C26F9104F38DEEE683AF899DBB59F6A","None","0",""
"5019","7EB013A146E0BB8D064589A76B0E1CA5","","0","2024.09.22-21.20.25","Receive","ConcertAckData","CB47B14C4D49581DFB2F3D87212EDADC","5C26F9104F38DEEE683AF899DBB59F6A","None","0",""
"5019","F197DF6E49C4E6807F3F30AF1DE7AF63","66","1","2024.09.22-21.20.25","Receive","ConcertAdmin_GetSessionsResponse","CB47B14C4D49581DFB2F3D87212EDADC","5C26F9104F38DEEE683AF899DBB59F6A","None","0",""
"5019","FFDC878B4F0056B6436B34B7081A9AA4","67","1","2024.09.22-21.20.25","Queue","ConcertAdmin_GetSessionsResponse","CB47B14C4D49581DFB2F3D87212EDADC","CB47B14C4D49581DFB2F3D87212EDADC","None","0",""
"5019","4E5CA0DD40158B7B9BB8BB995F5C1245","","0","2024.09.22-21.20.25","Process","ConcertAdmin_ServerDiscoveredEvent","CB47B14C4D49581DFB2F3D87212EDADC","5C26F9104F38DEEE683AF899DBB59F6A","None","0",""
"5019","7EB013A146E0BB8D064589A76B0E1CA5","","0","2024.09.22-21.20.25","Process","ConcertAckData","CB47B14C4D49581DFB2F3D87212EDADC","5C26F9104F38DEEE683AF899DBB59F6A","None","0",""
"5019","F197DF6E49C4E6807F3F30AF1DE7AF63","66","1","2024.09.22-21.20.25","Process","ConcertAdmin_GetSessionsResponse","CB47B14C4D49581DFB2F3D87212EDADC","5C26F9104F38DEEE683AF899DBB59F6A","None","0",""
"5019","FFDC878B4F0056B6436B34B7081A9AA4","67","1","2024.09.22-21.20.25","Process","ConcertAdmin_GetSessionsResponse","CB47B14C4D49581DFB2F3D87212EDADC","5C26F9104F38DEEE683AF899DBB59F6A","None","0",""
"5019","8CC2507F4CD630724E984E8B253B1E38","","0","2024.09.22-21.20.25","Send","ConcertAckData","5C26F9104F38DEEE683AF899DBB59F6A","CB47B14C4D49581DFB2F3D87212EDADC","None","0",""
"5020","EB0D72164A41D8A7055B9992A179A056","68","1","2024.09.22-21.20.25","Send","ConcertAdmin_GetLiveSessionsRequest","5C26F9104F38DEEE683AF899DBB59F6A","CB47B14C4D49581DFB2F3D87212EDADC","None","0",""
"5020","4169636B4C7CE219A977589F5C6E66A1","69","1","2024.09.22-21.20.25","Send","ConcertAdmin_GetArchivedSessionsRequest","5C26F9104F38DEEE683AF899DBB59F6A","CB47B14C4D49581DFB2F3D87212EDADC","None","0",""
"5021","BA3D2D644FE061EF920692A4FB0E786C","68","1","2024.09.22-21.20.25","Receive","ConcertAdmin_GetSessionsResponse","CB47B14C4D49581DFB2F3D87212EDADC","5C26F9104F38DEEE683AF899DBB59F6A","None","0",""
"5021","DEBD786A446DD335E192ABAE51B0485D","","0","2024.09.22-21.20.25","Receive","ConcertAckData","CB47B14C4D49581DFB2F3D87212EDADC","5C26F9104F38DEEE683AF899DBB59F6A","None","0",""
"5021","48B5353A4559C70F72C2BCB7CCAE23E6","69","1","2024.09.22-21.20.25","Receive","ConcertAdmin_GetSessionsResponse","CB47B14C4D49581DFB2F3D87212EDADC","5C26F9104F38DEEE683AF899DBB59F6A","None","0",""
"5021","BA3D2D644FE061EF920692A4FB0E786C","68","1","2024.09.22-21.20.25","Process","ConcertAdmin_GetSessionsResponse","CB47B14C4D49581DFB2F3D87212EDADC","5C26F9104F38DEEE683AF899DBB59F6A","None","0",""
"5021","DEBD786A446DD335E192ABAE51B0485D","","0","2024.09.22-21.20.25","Process","ConcertAckData","CB47B14C4D49581DFB2F3D87212EDADC","5C26F9104F38DEEE683AF899DBB59F6A","None","0",""
"5021","48B5353A4559C70F72C2BCB7CCAE23E6","69","1","2024.09.22-21.20.25","Process","ConcertAdmin_GetSessionsResponse","CB47B14C4D49581DFB2F3D87212EDADC","5C26F9104F38DEEE683AF899DBB59F6A","None","0",""
"5021","70AB157A4ABB568C074910814B9745D3","","0","2024.09.22-21.20.25","Send","ConcertAckData","5C26F9104F38DEEE683AF899DBB59F6A","CB47B14C4D49581DFB2F3D87212EDADC","None","0",""
"6754","47E16E424069908348A1F9BB624445DE","","0","2024.09.22-21.20.40","Receive","ConcertKeepAlive","CB47B14C4D49581DFB2F3D87212EDADC","5C26F9104F38DEEE683AF899DBB59F6A","None","0",""
"8450","F2F7FE774B2A207C2DC556B1647EE43C","","0","2024.09.22-21.20.55","Receive","ConcertKeepAlive","CB47B14C4D49581DFB2F3D87212EDADC","5C26F9104F38DEEE683AF899DBB59F6A","None","0",""
"8496","77915C08482B76ED20F3508559F87C2E","","0","2024.09.22-21.21.11","Receive","ConcertKeepAlive","CB47B14C4D49581DFB2F3D87212EDADC","5C26F9104F38DEEE683AF899DBB59F6A","None","0",""
"8541","F5667FE7420E330D501F8AADF0B91EAA","","0","2024.09.22-21.21.26","Receive","ConcertKeepAlive","CB47B14C4D49581DFB2F3D87212EDADC","5C26F9104F38DEEE683AF899DBB59F6A","None","0",""
"9080","82686EBB46BEB1016306E884D9002D5E","","0","2024.09.22-21.21.41","Receive","ConcertKeepAlive","CB47B14C4D49581DFB2F3D87212EDADC","5C26F9104F38DEEE683AF899DBB59F6A","None","0",""
"10860","D5A2ACA24073923EC27D3F80DA2843A4","","0","2024.09.22-21.21.56","Receive","ConcertKeepAlive","CB47B14C4D49581DFB2F3D87212EDADC","5C26F9104F38DEEE683AF899DBB59F6A","None","0",""
"12409","BCC5A3C54D84B841A10D91AFA0E64482","","0","2024.09.22-21.22.11","Receive","ConcertKeepAlive","CB47B14C4D49581DFB2F3D87212EDADC","5C26F9104F38DEEE683AF899DBB59F6A","None","0",""
"14135","0E0511494EE469DA67704BB7DFF969FC","","0","2024.09.22-21.22.26","Receive","ConcertKeepAlive","CB47B14C4D49581DFB2F3D87212EDADC","5C26F9104F38DEEE683AF899DBB59F6A","None","0",""
"15661","438E7DAE4DB71AC60FDA668AFA47EEDF","","0","2024.09.22-21.22.42","Receive","ConcertKeepAlive","CB47B14C4D49581DFB2F3D87212EDADC","5C26F9104F38DEEE683AF899DBB59F6A","None","0",""
"17007","00000000000000000000000000000000","","0","2024.09.22-21.22.55","EndpointTimeOut","None","CB47B14C4D49581DFB2F3D87212EDADC","00000000000000000000000000000000","None","0",""
"17007","A970C98F444EAD158FF8EE8976EF5B24","","0","2024.09.22-21.22.55","Send","ConcertEndpointClosedData","5C26F9104F38DEEE683AF899DBB59F6A","CB47B14C4D49581DFB2F3D87212EDADC","None","0",""
"17007","4169636B4C7CE219A977589F5C6E66A1","69","1","2024.09.22-21.22.55","TimeOut","ConcertAdmin_GetArchivedSessionsRequest","5C26F9104F38DEEE683AF899DBB59F6A","CB47B14C4D49581DFB2F3D87212EDADC","None","0",""
